Timestamp;Sistema FV Andes 80kWp - Básicos - Temperatura de modulos [°C] - T_M0;Sistema FV Andes 80kWp - Básicos - TempT [t] - TA
2021-01-01 00:00:00;;
2021-01-01 01:00:00;12,001;23,309
2021-01-01 02:00:00;12,436;23,870
2021-01-01 03:00:00;11,397;22,497
2021-01-01 04:00:00;11,621;22,787
2021-01-01 05:00:00;10,586;21,402
2021-01-01 06:00:00;10,926;21,487
2021-01-01 07:00:00;11,773;22,535
2021-01-01 08:00:00;16,677;28,164
2021-01-01 09:00:00;25,168;34,669
2021-01-01 10:00:00;39,130;43,448
2021-01-01 11:00:00;24,172;36,361
2021-01-01 12:00:00;34,091;41,573
2021-01-01 13:00:00;41,769;43,263
2021-01-01 14:00:00;21,518;34,072
2021-01-01 15:00:00;18,773;31,657
2021-01-01 16:00:00;21,365;34,319
2021-01-01 17:00:00;18,819;32,667
2021-01-01 18:00:00;14,971;29,295
2021-01-01 19:00:00;13,002;26,001
2021-01-01 20:00:00;12,991;25,527
2021-01-01 21:00:00;12,052;24,509
2021-01-01 22:00:00;11,910;23,893
2021-01-01 23:00:00;12,675;24,573
2021-01-02 00:00:00;13,142;25,018
2021-01-02 01:00:00;12,985;24,862
2021-01-02 02:00:00;12,647;24,280
2021-01-02 03:00:00;12,625;24,180
2021-01-02 04:00:00;13,078;25,089
2021-01-02 05:00:00;11,516;22,911
2021-01-02 06:00:00;11,048;21,446
2021-01-02 07:00:00;12,749;23,755
2021-01-02 08:00:00;17,503;29,618
2021-01-02 09:00:00;22,496;34,861
2021-01-02 10:00:00;21,911;34,410
2021-01-02 11:00:00;22,083;35,068
2021-01-02 12:00:00;25,790;37,577
2021-01-02 13:00:00;29,973;39,987
2021-01-02 14:00:00;22,516;36,243
2021-01-02 15:00:00;21,430;35,177
2021-01-02 16:00:00;21,894;35,552
2021-01-02 17:00:00;14,695;27,682
2021-01-02 18:00:00;13,882;26,484
2021-01-02 19:00:00;11,719;23,676
2021-01-02 20:00:00;11,195;22,549
2021-01-02 21:00:00;11,493;22,967
2021-01-02 22:00:00;11,649;22,890
2021-01-02 23:00:00;12,181;23,798
2021-01-03 00:00:00;12,571;24,317
2021-01-03 01:00:00;11,801;23,337
2021-01-03 02:00:00;11,277;21,971
2021-01-03 03:00:00;12,116;23,190
2021-01-03 04:00:00;11,981;23,248
2021-01-03 05:00:00;10,904;21,486
2021-01-03 06:00:00;10,115;20,736
2021-01-03 07:00:00;10,687;20,567
2021-01-03 08:00:00;14,904;25,880
2021-01-03 09:00:00;23,714;35,090
2021-01-03 10:00:00;27,559;38,492
2021-01-03 11:00:00;36,935;41,559
2021-01-03 12:00:00;45,666;44,585
2021-01-03 13:00:00;39,280;43,144
2021-01-03 14:00:00;19,382;33,537
2021-01-03 15:00:00;21,546;35,288
2021-01-03 16:00:00;23,340;37,171
2021-01-03 17:00:00;20,750;34,875
2021-01-03 18:00:00;18,935;32,937
2021-01-03 19:00:00;15,903;29,421
2021-01-03 20:00:00;15,323;28,686
2021-01-03 21:00:00;14,460;27,428
2021-01-03 22:00:00;14,101;26,882
2021-01-03 23:00:00;13,185;25,612
2021-01-04 00:00:00;10,912;21,732
2021-01-04 01:00:00;9,720;19,595
2021-01-04 02:00:00;8,698;17,494
2021-01-04 03:00:00;8,165;16,296
2021-01-04 04:00:00;7,852;15,644
2021-01-04 05:00:00;8,451;16,272
2021-01-04 06:00:00;10,673;20,336
2021-01-04 07:00:00;11,623;21,877
2021-01-04 08:00:00;21,718;31,878
2021-01-04 09:00:00;37,758;42,789
2021-01-04 10:00:00;32,217;40,905
2021-01-04 11:00:00;42,768;44,461
2021-01-04 12:00:00;47,397;44,915
2021-01-04 13:00:00;40,722;44,096
2021-01-04 14:00:00;31,545;41,570
2021-01-04 15:00:00;23,126;37,727
2021-01-04 16:00:00;19,490;34,483
2021-01-04 17:00:00;13,455;26,372
2021-01-04 18:00:00;10,364;19,954
2021-01-04 19:00:00;12,669;24,212
2021-01-04 20:00:00;12,942;25,089
2021-01-04 21:00:00;12,861;24,815
2021-01-04 22:00:00;12,822;24,939
2021-01-04 23:00:00;11,461;22,808
2021-01-05 00:00:00;10,948;21,469
2021-01-05 01:00:00;10,123;19,884
2021-01-05 02:00:00;8,847;17,739
2021-01-05 03:00:00;8,093;16,131
2021-01-05 04:00:00;8,808;16,939
2021-01-05 05:00:00;7,635;15,250
2021-01-05 06:00:00;7,191;14,328
2021-01-05 07:00:00;7,713;14,978
2021-01-05 08:00:00;22,661;31,344
2021-01-05 09:00:00;37,808;42,540
2021-01-05 10:00:00;45,988;44,999
2021-01-05 11:00:00;49,140;45,021
2021-01-05 12:00:00;46,921;44,599
2021-01-05 13:00:00;48,483;44,035
2021-01-05 14:00:00;31,656;41,812
2021-01-05 15:00:00;27,282;40,148
2021-01-05 16:00:00;19,341;33,817
2021-01-05 17:00:00;10,868;22,329
2021-01-05 18:00:00;12,064;23,389
2021-01-05 19:00:00;10,436;21,663
2021-01-05 20:00:00;10,362;20,771
2021-01-05 21:00:00;9,977;19,956
2021-01-05 22:00:00;9,960;19,467
2021-01-05 23:00:00;10,101;19,386
2021-01-06 00:00:00;9,456;18,308
2021-01-06 01:00:00;10,093;19,233
2021-01-06 02:00:00;10,222;19,481
2021-01-06 03:00:00;10,055;19,361
2021-01-06 04:00:00;9,057;17,776
2021-01-06 05:00:00;9,050;17,512
2021-01-06 06:00:00;8,685;16,949
2021-01-06 07:00:00;8,288;15,979
2021-01-06 08:00:00;20,455;29,516
2021-01-06 09:00:00;35,728;41,790
2021-01-06 10:00:00;45,660;44,838
2021-01-06 11:00:00;46,282;44,302
2021-01-06 12:00:00;49,759;44,553
2021-01-06 13:00:00;35,745;42,122
2021-01-06 14:00:00;23,207;36,919
2021-01-06 15:00:00;24,075;37,458
2021-01-06 16:00:00;20,404;35,433
2021-01-06 17:00:00;16,762;30,878
2021-01-06 18:00:00;15,431;29,452
2021-01-06 19:00:00;14,308;27,386
2021-01-06 20:00:00;13,908;27,112
2021-01-06 21:00:00;12,843;25,563
2021-01-06 22:00:00;13,195;25,579
2021-01-06 23:00:00;13,517;25,970
2021-01-07 00:00:00;13,102;25,040
2021-01-07 01:00:00;12,798;24,541
2021-01-07 02:00:00;12,545;24,236
2021-01-07 03:00:00;12,703;24,470
2021-01-07 04:00:00;12,424;24,128
2021-01-07 05:00:00;12,294;23,674
2021-01-07 06:00:00;12,194;23,680
2021-01-07 07:00:00;12,529;23,703
2021-01-07 08:00:00;18,419;30,022
2021-01-07 09:00:00;32,000;40,768
2021-01-07 10:00:00;29,604;39,736
2021-01-07 11:00:00;48,191;44,801
2021-01-07 12:00:00;50,453;44,660
2021-01-07 13:00:00;40,297;43,612
2021-01-07 14:00:00;25,261;37,256
2021-01-07 15:00:00;22,825;36,600
2021-01-07 16:00:00;21,424;35,588
2021-01-07 17:00:00;19,411;33,326
2021-01-07 18:00:00;16,626;30,553
2021-01-07 19:00:00;13,931;27,333
2021-01-07 20:00:00;13,697;26,721
2021-01-07 21:00:00;13,266;25,941
2021-01-07 22:00:00;11,951;23,491
2021-01-07 23:00:00;11,322;22,334
2021-01-08 00:00:00;10,302;20,283
2021-01-08 01:00:00;10,465;20,153
2021-01-08 02:00:00;9,486;18,865
2021-01-08 03:00:00;9,130;17,965
2021-01-08 04:00:00;9,318;18,201
2021-01-08 05:00:00;8,682;17,289
2021-01-08 06:00:00;8,674;17,019
2021-01-08 07:00:00;10,078;19,011
2021-01-08 08:00:00;18,291;29,455
2021-01-08 09:00:00;20,832;31,800
2021-01-08 10:00:00;26,061;37,269
2021-01-08 11:00:00;29,999;39,851
2021-01-08 12:00:00;41,951;43,211
2021-01-08 13:00:00;29,854;40,910
2021-01-08 14:00:00;20,757;34,159
2021-01-08 15:00:00;15,694;29,227
2021-01-08 16:00:00;15,794;28,817
2021-01-08 17:00:00;16,009;28,518
2021-01-08 18:00:00;14,013;26,770
2021-01-08 19:00:00;13,445;26,239
2021-01-08 20:00:00;11,525;23,717
2021-01-08 21:00:00;10,649;21,928
2021-01-08 22:00:00;11,276;22,674
2021-01-08 23:00:00;11,800;23,461
2021-01-09 00:00:00;11,982;23,588
2021-01-09 01:00:00;11,121;22,298
2021-01-09 02:00:00;10,397;20,919
2021-01-09 03:00:00;10,135;20,500
2021-01-09 04:00:00;10,196;20,507
2021-01-09 05:00:00;10,273;20,390
2021-01-09 06:00:00;10,387;20,328
2021-01-09 07:00:00;10,748;20,992
2021-01-09 08:00:00;14,580;25,838
2021-01-09 09:00:00;17,796;29,879
2021-01-09 10:00:00;29,158;38,684
2021-01-09 11:00:00;30,376;39,605
2021-01-09 12:00:00;35,336;42,329
2021-01-09 13:00:00;33,624;40,645
2021-01-09 14:00:00;21,805;34,256
2021-01-09 15:00:00;19,621;32,798
2021-01-09 16:00:00;21,069;34,172
2021-01-09 17:00:00;18,105;31,890
2021-01-09 18:00:00;15,737;29,494
2021-01-09 19:00:00;11,974;24,131
2021-01-09 20:00:00;11,920;23,784
2021-01-09 21:00:00;10,847;22,514
2021-01-09 22:00:00;11,880;23,294
2021-01-09 23:00:00;11,874;23,083
2021-01-10 00:00:00;11,092;22,286
2021-01-10 01:00:00;11,807;22,978
2021-01-10 02:00:00;12,237;23,691
2021-01-10 03:00:00;11,480;22,470
2021-01-10 04:00:00;11,834;22,730
2021-01-10 05:00:00;11,756;22,741
2021-01-10 06:00:00;11,395;22,203
2021-01-10 07:00:00;12,453;23,807
2021-01-10 08:00:00;14,820;26,489
2021-01-10 09:00:00;18,945;31,067
2021-01-10 10:00:00;22,675;34,733
2021-01-10 11:00:00;27,154;38,098
2021-01-10 12:00:00;26,364;37,775
2021-01-10 13:00:00;25,840;37,205
2021-01-10 14:00:00;21,945;34,673
2021-01-10 15:00:00;18,401;31,817
2021-01-10 16:00:00;17,873;31,125
2021-01-10 17:00:00;16,009;29,508
2021-01-10 18:00:00;15,336;28,878
2021-01-10 19:00:00;13,725;26,938
2021-01-10 20:00:00;12,642;25,175
2021-01-10 21:00:00;12,805;25,127
2021-01-10 22:00:00;13,494;26,127
2021-01-10 23:00:00;11,742;23,678
2021-01-11 00:00:00;11,380;22,692
2021-01-11 01:00:00;12,188;23,763
2021-01-11 02:00:00;11,171;22,458
2021-01-11 03:00:00;11,602;22,544
2021-01-11 04:00:00;11,168;22,583
2021-01-11 05:00:00;11,170;22,325
2021-01-11 06:00:00;11,396;22,206
2021-01-11 07:00:00;12,353;23,926
2021-01-11 08:00:00;14,268;26,438
2021-01-11 09:00:00;19,226;31,616
2021-01-11 10:00:00;28,922;38,954
2021-01-11 11:00:00;39,877;42,736
2021-01-11 12:00:00;29,964;39,641
2021-01-11 13:00:00;34,308;42,185
2021-01-11 14:00:00;28,322;39,430
2021-01-11 15:00:00;22,998;36,615
2021-01-11 16:00:00;20,845;35,176
2021-01-11 17:00:00;19,655;34,144
2021-01-11 18:00:00;14,764;28,710
2021-01-11 19:00:00;13,343;26,766
2021-01-11 20:00:00;13,177;26,191
2021-01-11 21:00:00;13,237;26,167
2021-01-11 22:00:00;12,902;25,618
2021-01-11 23:00:00;12,106;24,659
2021-01-12 00:00:00;11,931;24,061
2021-01-12 01:00:00;12,036;23,807
2021-01-12 02:00:00;11,478;22,951
2021-01-12 03:00:00;11,033;22,133
2021-01-12 04:00:00;10,771;21,449
2021-01-12 05:00:00;10,541;21,555
2021-01-12 06:00:00;9,441;19,574
2021-01-12 07:00:00;9,563;19,577
2021-01-12 08:00:00;23,909;34,512
2021-01-12 09:00:00;38,964;43,227
2021-01-12 10:00:00;48,523;44,946
2021-01-12 11:00:00;44,941;44,285
2021-01-12 12:00:00;54,091;44,363
2021-01-12 13:00:00;52,401;44,569
2021-01-12 14:00:00;33,221;41,293
2021-01-12 15:00:00;23,321;38,166
2021-01-12 16:00:00;19,273;34,795
2021-01-12 17:00:00;18,729;33,950
2021-01-12 18:00:00;16,119;30,668
2021-01-12 19:00:00;13,112;26,160
2021-01-12 20:00:00;12,145;24,610
2021-01-12 21:00:00;10,397;20,981
2021-01-12 22:00:00;9,520;19,007
2021-01-12 23:00:00;9,116;18,168
2021-01-13 00:00:00;8,210;16,432
2021-01-13 01:00:00;8,097;16,139
2021-01-13 02:00:00;7,617;14,994
2021-01-13 03:00:00;8,241;15,755
2021-01-13 04:00:00;8,731;16,957
2021-01-13 05:00:00;8,422;16,366
2021-01-13 06:00:00;9,413;18,368
2021-01-13 07:00:00;11,172;20,759
2021-01-13 08:00:00;25,406;35,352
2021-01-13 09:00:00;39,011;43,511
2021-01-13 10:00:00;45,401;44,767
2021-01-13 11:00:00;52,725;44,269
2021-01-13 12:00:00;47,978;44,741
2021-01-13 13:00:00;51,924;44,222
2021-01-13 14:00:00;37,756;43,341
2021-01-13 15:00:00;24,389;39,274
2021-01-13 16:00:00;22,390;37,187
2021-01-13 17:00:00;20,064;34,923
2021-01-13 18:00:00;16,736;31,743
2021-01-13 19:00:00;13,983;27,885
2021-01-13 20:00:00;12,279;24,977
2021-01-13 21:00:00;11,351;22,822
2021-01-13 22:00:00;11,182;21,907
2021-01-13 23:00:00;10,407;20,687
2021-01-14 00:00:00;9,626;19,315
2021-01-14 01:00:00;9,205;18,470
2021-01-14 02:00:00;8,697;17,353
2021-01-14 03:00:00;8,718;17,388
2021-01-14 04:00:00;8,425;16,863
2021-01-14 05:00:00;8,459;16,922
2021-01-14 06:00:00;8,247;16,523
2021-01-14 07:00:00;8,988;17,510
2021-01-14 08:00:00;21,596;31,476
2021-01-14 09:00:00;34,489;41,211
2021-01-14 10:00:00;45,745;45,056
2021-01-14 11:00:00;50,623;44,988
2021-01-14 12:00:00;54,776;43,664
2021-01-14 13:00:00;47,800;44,510
2021-01-14 14:00:00;36,729;42,536
2021-01-14 15:00:00;25,347;40,141
2021-01-14 16:00:00;24,694;38,902
2021-01-14 17:00:00;21,537;37,130
2021-01-14 18:00:00;17,426;32,877
2021-01-14 19:00:00;15,134;28,935
2021-01-14 20:00:00;13,025;25,551
2021-01-14 21:00:00;11,786;23,399
2021-01-14 22:00:00;11,344;22,359
2021-01-14 23:00:00;11,586;22,364
2021-01-15 00:00:00;10,624;21,143
2021-01-15 01:00:00;9,854;19,672
2021-01-15 02:00:00;9,318;18,401
2021-01-15 03:00:00;8,556;16,981
2021-01-15 04:00:00;8,089;15,967
2021-01-15 05:00:00;8,357;15,667
2021-01-15 06:00:00;7,297;14,131
2021-01-15 07:00:00;8,481;16,296
2021-01-15 08:00:00;24,772;33,861
2021-01-15 09:00:00;37,575;42,769
2021-01-15 10:00:00;43,809;44,756
2021-01-15 11:00:00;48,410;44,905
2021-01-15 12:00:00;50,316;44,518
2021-01-15 13:00:00;49,373;44,267
2021-01-15 14:00:00;35,589;41,765
2021-01-15 15:00:00;24,765;38,609
2021-01-15 16:00:00;25,094;39,008
2021-01-15 17:00:00;23,283;37,843
2021-01-15 18:00:00;19,122;34,266
2021-01-15 19:00:00;16,500;31,257
2021-01-15 20:00:00;16,037;30,334
2021-01-15 21:00:00;15,027;29,005
2021-01-15 22:00:00;13,034;25,571
2021-01-15 23:00:00;11,382;22,520
2021-01-16 00:00:00;9,718;19,418
2021-01-16 01:00:00;10,061;19,749
2021-01-16 02:00:00;10,396;20,075
2021-01-16 03:00:00;9,557;19,004
2021-01-16 04:00:00;8,843;17,728
2021-01-16 05:00:00;9,361;18,297
2021-01-16 06:00:00;9,410;18,271
2021-01-16 07:00:00;10,294;19,550
2021-01-16 08:00:00;23,894;34,398
2021-01-16 09:00:00;32,636;40,431
2021-01-16 10:00:00;44,755;44,837
2021-01-16 11:00:00;49,797;44,997
2021-01-16 12:00:00;51,005;44,584
2021-01-16 13:00:00;46,548;44,478
2021-01-16 14:00:00;30,135;41,326
2021-01-16 15:00:00;24,258;37,967
2021-01-16 16:00:00;23,643;37,754
2021-01-16 17:00:00;20,386;35,261
2021-01-16 18:00:00;19,171;33,453
2021-01-16 19:00:00;16,857;31,030
2021-01-16 20:00:00;15,386;29,386
2021-01-16 21:00:00;14,501;27,995
2021-01-16 22:00:00;13,118;25,705
2021-01-16 23:00:00;12,122;23,636
2021-01-17 00:00:00;11,182;22,091
2021-01-17 01:00:00;10,569;20,752
2021-01-17 02:00:00;10,335;20,328
2021-01-17 03:00:00;9,228;18,357
2021-01-17 04:00:00;8,554;17,079
2021-01-17 05:00:00;8,163;16,156
2021-01-17 06:00:00;8,297;16,062
2021-01-17 07:00:00;8,226;15,966
2021-01-17 08:00:00;21,011;30,192
2021-01-17 09:00:00;29,759;38,871
2021-01-17 10:00:00;34,570;41,341
2021-01-17 11:00:00;40,481;44,222
2021-01-17 12:00:00;49,481;44,075
2021-01-17 13:00:00;39,175;43,461
2021-01-17 14:00:00;28,885;40,452
2021-01-17 15:00:00;26,555;39,131
2021-01-17 16:00:00;20,245;34,502
2021-01-17 17:00:00;17,792;33,518
2021-01-17 18:00:00;15,748;30,992
2021-01-17 19:00:00;13,507;27,224
2021-01-17 20:00:00;12,294;24,567
2021-01-17 21:00:00;11,316;22,328
2021-01-17 22:00:00;11,007;21,548
2021-01-17 23:00:00;10,472;20,881
2021-01-18 00:00:00;10,025;19,977
2021-01-18 01:00:00;9,814;19,175
2021-01-18 02:00:00;8,786;17,498
2021-01-18 03:00:00;8,501;16,512
2021-01-18 04:00:00;9,422;18,099
2021-01-18 05:00:00;9,890;18,935
2021-01-18 06:00:00;9,817;18,691
2021-01-18 07:00:00;10,710;19,923
2021-01-18 08:00:00;18,997;29,224
2021-01-18 09:00:00;38,119;43,103
2021-01-18 10:00:00;45,486;44,943
2021-01-18 11:00:00;46,436;43,837
2021-01-18 12:00:00;52,510;43,722
2021-01-18 13:00:00;50,471;44,206
2021-01-18 14:00:00;37,497;42,211
2021-01-18 15:00:00;22,265;38,474
2021-01-18 16:00:00;20,964;37,948
2021-01-18 17:00:00;18,675;35,133
2021-01-18 18:00:00;16,742;32,811
2021-01-18 19:00:00;13,967;27,800
2021-01-18 20:00:00;11,985;23,698
2021-01-18 21:00:00;10,761;21,538
2021-01-18 22:00:00;10,366;20,571
2021-01-18 23:00:00;9,887;19,461
2021-01-19 00:00:00;9,086;17,838
2021-01-19 01:00:00;9,756;18,724
2021-01-19 02:00:00;8,914;17,388
2021-01-19 03:00:00;8,305;16,497
2021-01-19 04:00:00;8,535;16,611
2021-01-19 05:00:00;10,179;19,582
2021-01-19 06:00:00;10,576;20,420
2021-01-19 07:00:00;10,775;20,181
2021-01-19 08:00:00;15,517;26,289
2021-01-19 09:00:00;28,121;37,295
2021-01-19 10:00:00;47,855;44,883
2021-01-19 11:00:00;50,626;44,506
2021-01-19 12:00:00;51,673;44,070
2021-01-19 13:00:00;47,208;43,997
2021-01-19 14:00:00;36,355;42,327
2021-01-19 15:00:00;21,171;37,468
2021-01-19 16:00:00;21,526;36,438
2021-01-19 17:00:00;20,026;34,633
2021-01-19 18:00:00;16,863;32,090
2021-01-19 19:00:00;13,307;26,720
2021-01-19 20:00:00;11,000;22,297
2021-01-19 21:00:00;10,499;20,916
2021-01-19 22:00:00;9,559;19,085
2021-01-19 23:00:00;9,109;17,905
2021-01-20 00:00:00;8,285;16,363
2021-01-20 01:00:00;7,962;15,775
2021-01-20 02:00:00;7,789;15,392
2021-01-20 03:00:00;7,773;15,313
2021-01-20 04:00:00;7,537;14,947
2021-01-20 05:00:00;7,547;15,098
2021-01-20 06:00:00;7,773;15,580
2021-01-20 07:00:00;8,419;16,339
2021-01-20 08:00:00;17,364;27,826
2021-01-20 09:00:00;26,107;36,211
2021-01-20 10:00:00;39,041;43,004
2021-01-20 11:00:00;51,714;44,093
2021-01-20 12:00:00;45,773;43,709
2021-01-20 13:00:00;37,297;43,228
2021-01-20 14:00:00;30,588;40,910
2021-01-20 15:00:00;29,032;40,739
2021-01-20 16:00:00;27,040;39,907
2021-01-20 17:00:00;21,677;36,248
2021-01-20 18:00:00;16,557;30,939
2021-01-20 19:00:00;14,252;28,195
2021-01-20 20:00:00;13,027;26,082
2021-01-20 21:00:00;13,728;26,100
2021-01-20 22:00:00;12,673;24,381
2021-01-20 23:00:00;11,834;22,791
2021-01-21 00:00:00;11,094;21,607
2021-01-21 01:00:00;9,898;19,539
2021-01-21 02:00:00;9,389;18,646
2021-01-21 03:00:00;9,065;18,036
2021-01-21 04:00:00;8,500;17,100
2021-01-21 05:00:00;7,799;15,526
2021-01-21 06:00:00;7,739;15,399
2021-01-21 07:00:00;8,231;15,917
2021-01-21 08:00:00;20,179;30,041
2021-01-21 09:00:00;35,850;42,043
2021-01-21 10:00:00;44,199;44,722
2021-01-21 11:00:00;41,702;44,137
2021-01-21 12:00:00;36,029;42,646
2021-01-21 13:00:00;39,182;43,578
2021-01-21 14:00:00;41,568;42,511
2021-01-21 15:00:00;30,425;42,398
2021-01-21 16:00:00;25,744;39,291
2021-01-21 17:00:00;23,112;38,066
2021-01-21 18:00:00;20,505;35,078
2021-01-21 19:00:00;15,943;30,344
2021-01-21 20:00:00;13,505;27,072
2021-01-21 21:00:00;12,144;24,062
2021-01-21 22:00:00;12,672;24,497
2021-01-21 23:00:00;12,596;24,787
2021-01-22 00:00:00;10,326;20,671
2021-01-22 01:00:00;9,895;19,794
2021-01-22 02:00:00;9,124;18,232
2021-01-22 03:00:00;9,383;18,426
2021-01-22 04:00:00;8,577;16,804
2021-01-22 05:00:00;8,130;16,151
2021-01-22 06:00:00;8,061;15,903
2021-01-22 07:00:00;9,504;18,195
2021-01-22 08:00:00;20,019;30,016
2021-01-22 09:00:00;23,590;35,081
2021-01-22 10:00:00;23,445;34,852
2021-01-22 11:00:00;26,667;37,857
2021-01-22 12:00:00;31,049;40,865
2021-01-22 13:00:00;40,176;43,521
2021-01-22 14:00:00;37,790;43,628
2021-01-22 15:00:00;29,035;41,500
2021-01-22 16:00:00;26,213;39,153
2021-01-22 17:00:00;19,139;33,100
2021-01-22 18:00:00;13,012;26,473
2021-01-22 19:00:00;12,286;25,080
2021-01-22 20:00:00;11,963;24,259
2021-01-22 21:00:00;13,113;25,707
2021-01-22 22:00:00;13,075;25,919
2021-01-22 23:00:00;12,315;24,488
2021-01-23 00:00:00;11,981;23,655
2021-01-23 01:00:00;12,522;24,527
2021-01-23 02:00:00;13,068;25,284
2021-01-23 03:00:00;11,791;23,146
2021-01-23 04:00:00;12,967;24,800
2021-01-23 05:00:00;11,926;23,950
2021-01-23 06:00:00;11,302;22,380
2021-01-23 07:00:00;12,777;24,362
2021-01-23 08:00:00;15,531;27,335
2021-01-23 09:00:00;29,687;38,733
2021-01-23 10:00:00;31,991;40,401
2021-01-23 11:00:00;32,853;41,476
2021-01-23 12:00:00;35,355;42,703
2021-01-23 13:00:00;33,596;42,102
2021-01-23 14:00:00;37,310;42,925
2021-01-23 15:00:00;24,382;37,236
2021-01-23 16:00:00;21,351;35,297
2021-01-23 17:00:00;19,158;33,711
2021-01-23 18:00:00;16,590;30,930
2021-01-23 19:00:00;14,263;27,886
2021-01-23 20:00:00;13,165;26,418
2021-01-23 21:00:00;13,102;26,189
2021-01-23 22:00:00;12,927;25,898
2021-01-23 23:00:00;12,617;25,516
2021-01-24 00:00:00;11,994;24,192
2021-01-24 01:00:00;12,012;23,848
2021-01-24 02:00:00;10,925;21,880
2021-01-24 03:00:00;11,085;21,728
2021-01-24 04:00:00;11,753;23,025
2021-01-24 05:00:00;12,016;23,338
2021-01-24 06:00:00;11,967;23,597
2021-01-24 07:00:00;12,856;24,547
2021-01-24 08:00:00;14,646;26,726
2021-01-24 09:00:00;20,200;32,346
2021-01-24 10:00:00;33,447;41,089
2021-01-24 11:00:00;37,327;42,913
2021-01-24 12:00:00;29,639;39,774
2021-01-24 13:00:00;27,081;38,163
2021-01-24 14:00:00;25,620;37,625
2021-01-24 15:00:00;27,290;39,288
2021-01-24 16:00:00;24,503;37,530
2021-01-24 17:00:00;20,275;34,127
2021-01-24 18:00:00;15,973;30,202
2021-01-24 19:00:00;13,284;26,889
2021-01-24 20:00:00;12,651;25,856
2021-01-24 21:00:00;11,842;24,596
2021-01-24 22:00:00;12,059;24,896
2021-01-24 23:00:00;12,162;25,272
2021-01-25 00:00:00;11,444;23,341
2021-01-25 01:00:00;11,679;23,553
2021-01-25 02:00:00;11,907;23,976
2021-01-25 03:00:00;12,355;24,661
2021-01-25 04:00:00;13,058;25,386
2021-01-25 05:00:00;12,150;24,143
2021-01-25 06:00:00;12,705;24,757
2021-01-25 07:00:00;13,332;25,636
2021-01-25 08:00:00;13,687;25,763
2021-01-25 09:00:00;15,924;28,394
2021-01-25 10:00:00;20,017;32,417
2021-01-25 11:00:00;18,644;31,312
2021-01-25 12:00:00;21,582;34,590
2021-01-25 13:00:00;33,647;42,077
2021-01-25 14:00:00;27,094;38,513
2021-01-25 15:00:00;22,339;35,767
2021-01-25 16:00:00;18,213;31,727
2021-01-25 17:00:00;16,674;30,466
2021-01-25 18:00:00;13,603;27,460
2021-01-25 19:00:00;11,453;23,696
2021-01-25 20:00:00;10,781;22,695
2021-01-25 21:00:00;10,570;21,813
2021-01-25 22:00:00;10,704;21,104
2021-01-25 23:00:00;11,194;22,105
2021-01-26 00:00:00;9,859;19,840
2021-01-26 01:00:00;9,287;18,611
2021-01-26 02:00:00;8,863;17,815
2021-01-26 03:00:00;8,597;18,136
2021-01-26 04:00:00;8,380;17,056
2021-01-26 05:00:00;8,149;17,025
2021-01-26 06:00:00;7,561;16,216
2021-01-26 07:00:00;10,529;19,884
2021-01-26 08:00:00;21,734;32,032
2021-01-26 09:00:00;26,316;36,424
2021-01-26 10:00:00;36,715;42,786
2021-01-26 11:00:00;34,378;42,253
2021-01-26 12:00:00;35,123;41,944
2021-01-26 13:00:00;28,938;39,724
2021-01-26 14:00:00;36,257;42,587
2021-01-26 15:00:00;23,905;37,081
2021-01-26 16:00:00;21,360;35,236
2021-01-26 17:00:00;18,951;32,808
2021-01-26 18:00:00;15,882;29,744
2021-01-26 19:00:00;13,698;27,247
2021-01-26 20:00:00;12,549;25,458
2021-01-26 21:00:00;12,062;24,172
2021-01-26 22:00:00;11,479;23,079
2021-01-26 23:00:00;10,345;20,842
2021-01-27 00:00:00;9,919;19,813
2021-01-27 01:00:00;9,769;19,511
2021-01-27 02:00:00;9,041;18,033
2021-01-27 03:00:00;8,362;16,681
2021-01-27 04:00:00;8,509;17,031
2021-01-27 05:00:00;8,099;15,952
2021-01-27 06:00:00;8,071;16,351
2021-01-27 07:00:00;8,614;16,716
2021-01-27 08:00:00;23,056;33,270
2021-01-27 09:00:00;35,038;41,528
2021-01-27 10:00:00;46,525;44,980
2021-01-27 11:00:00;39,590;43,539
2021-01-27 12:00:00;35,689;42,904
2021-01-27 13:00:00;38,539;43,172
2021-01-27 14:00:00;29,111;40,072
2021-01-27 15:00:00;22,586;36,710
2021-01-27 16:00:00;20,262;35,860
2021-01-27 17:00:00;17,948;33,816
2021-01-27 18:00:00;15,673;30,316
2021-01-27 19:00:00;13,703;27,518
2021-01-27 20:00:00;12,428;25,368
2021-01-27 21:00:00;11,531;23,432
2021-01-27 22:00:00;10,236;20,625
2021-01-27 23:00:00;9,578;19,191
2021-01-28 00:00:00;8,994;17,745
2021-01-28 01:00:00;9,441;18,299
2021-01-28 02:00:00;9,211;18,118
2021-01-28 03:00:00;8,421;16,894
2021-01-28 04:00:00;7,957;15,915
2021-01-28 05:00:00;7,732;15,558
2021-01-28 06:00:00;7,901;16,056
2021-01-28 07:00:00;8,331;16,323
2021-01-28 08:00:00;20,874;30,302
2021-01-28 09:00:00;29,889;38,939
2021-01-28 10:00:00;44,719;44,714
2021-01-28 11:00:00;50,632;44,904
2021-01-28 12:00:00;53,706;43,912
2021-01-28 13:00:00;39,372;43,773
2021-01-28 14:00:00;32,030;42,089
2021-01-28 15:00:00;25,198;38,859
2021-01-28 16:00:00;23,705;37,744
2021-01-28 17:00:00;20,681;35,162
2021-01-28 18:00:00;18,515;33,084
2021-01-28 19:00:00;16,496;30,755
2021-01-28 20:00:00;15,564;29,426
2021-01-28 21:00:00;15,552;29,274
2021-01-28 22:00:00;14,759;28,330
2021-01-28 23:00:00;13,942;27,038
2021-01-29 00:00:00;12,832;24,631
2021-01-29 01:00:00;12,595;24,096
2021-01-29 02:00:00;12,957;24,713
2021-01-29 03:00:00;11,679;22,550
2021-01-29 04:00:00;10,538;20,792
2021-01-29 05:00:00;9,283;18,595
2021-01-29 06:00:00;8,948;18,025
2021-01-29 07:00:00;8,654;16,823
2021-01-29 08:00:00;19,650;28,969
2021-01-29 09:00:00;38,604;43,334
2021-01-29 10:00:00;46,506;45,073
2021-01-29 11:00:00;52,036;44,485
2021-01-29 12:00:00;54,718;43,239
2021-01-29 13:00:00;55,924;42,320
2021-01-29 14:00:00;42,759;41,672
2021-01-29 15:00:00;27,567;40,838
2021-01-29 16:00:00;26,248;40,027
2021-01-29 17:00:00;19,008;34,499
2021-01-29 18:00:00;17,247;32,508
2021-01-29 19:00:00;13,987;27,764
2021-01-29 20:00:00;12,987;26,357
2021-01-29 21:00:00;12,133;24,793
2021-01-29 22:00:00;11,256;22,818
2021-01-29 23:00:00;10,414;21,129
2021-01-30 00:00:00;9,160;18,559
2021-01-30 01:00:00;8,148;16,258
2021-01-30 02:00:00;7,923;15,810
2021-01-30 03:00:00;7,448;14,698
2021-01-30 04:00:00;7,244;14,210
2021-01-30 05:00:00;7,015;13,762
2021-01-30 06:00:00;6,455;12,452
2021-01-30 07:00:00;6,251;11,342
2021-01-30 08:00:00;20,868;29,143
2021-01-30 09:00:00;36,184;41,468
2021-01-30 10:00:00;45,144;44,531
2021-01-30 11:00:00;51,354;44,294
2021-01-30 12:00:00;56,554;43,226
2021-01-30 13:00:00;55,168;43,698
2021-01-30 14:00:00;38,587;42,406
2021-01-30 15:00:00;24,155;39,272
2021-01-30 16:00:00;21,566;37,566
2021-01-30 17:00:00;18,949;35,259
2021-01-30 18:00:00;16,271;31,753
2021-01-30 19:00:00;13,432;27,359
2021-01-30 20:00:00;12,060;25,255
2021-01-30 21:00:00;11,338;23,690
2021-01-30 22:00:00;10,269;21,627
2021-01-30 23:00:00;9,956;20,549
2021-01-31 00:00:00;9,458;19,753
2021-01-31 01:00:00;9,505;19,591
2021-01-31 02:00:00;9,225;19,106
2021-01-31 03:00:00;8,957;17,986
2021-01-31 04:00:00;8,703;17,332
2021-01-31 05:00:00;8,615;17,398
2021-01-31 06:00:00;8,216;16,417
2021-01-31 07:00:00;8,932;17,886
2021-01-31 08:00:00;23,566;34,278
2021-01-31 09:00:00;27,148;37,200
2021-01-31 10:00:00;40,526;43,758
2021-01-31 11:00:00;42,064;44,229
2021-01-31 12:00:00;44,062;44,414
2021-01-31 13:00:00;46,196;44,600
2021-01-31 14:00:00;28,229;39,488
2021-01-31 15:00:00;23,228;36,544
2021-01-31 16:00:00;20,487;33,851
2021-01-31 17:00:00;18,494;31,887
2021-01-31 18:00:00;17,319;30,963
2021-01-31 19:00:00;15,242;28,638
2021-01-31 20:00:00;13,953;27,048
2021-01-31 21:00:00;11,441;23,463
2021-01-31 22:00:00;10,202;20,725
2021-01-31 23:00:00;9,721;19,304
2021-02-01 00:00:00;10,641;20,418
2021-02-01 01:00:00;12,317;23,291
2021-02-01 02:00:00;12,039;23,029
2021-02-01 03:00:00;12,612;23,689
2021-02-01 04:00:00;11,922;22,552
2021-02-01 05:00:00;11,413;21,823
2021-02-01 06:00:00;11,462;21,759
2021-02-01 07:00:00;11,340;21,589
2021-02-01 08:00:00;16,156;27,552
2021-02-01 09:00:00;19,831;32,072
2021-02-01 10:00:00;28,583;37,866
2021-02-01 11:00:00;25,781;37,864
2021-02-01 12:00:00;31,211;40,431
2021-02-01 13:00:00;34,569;42,422
2021-02-01 14:00:00;30,002;40,666
2021-02-01 15:00:00;24,365;37,354
2021-02-01 16:00:00;17,076;31,070
2021-02-01 17:00:00;18,536;32,705
2021-02-01 18:00:00;17,360;31,491
2021-02-01 19:00:00;12,556;25,951
2021-02-01 20:00:00;13,964;27,300
2021-02-01 21:00:00;12,844;25,802
2021-02-01 22:00:00;12,378;24,379
2021-02-01 23:00:00;11,737;23,507
2021-02-02 00:00:00;11,027;22,156
2021-02-02 01:00:00;11,301;21,845
2021-02-02 02:00:00;11,582;22,333
2021-02-02 03:00:00;12,293;23,303
2021-02-02 04:00:00;12,930;24,610
2021-02-02 05:00:00;12,489;24,102
2021-02-02 06:00:00;10,674;21,425
2021-02-02 07:00:00;9,811;19,377
2021-02-02 08:00:00;26,348;36,641
2021-02-02 09:00:00;29,085;38,680
2021-02-02 10:00:00;29,315;39,984
2021-02-02 11:00:00;28,774;39,729
2021-02-02 12:00:00;32,422;41,172
2021-02-02 13:00:00;27,219;38,804
2021-02-02 14:00:00;22,283;35,553
2021-02-02 15:00:00;20,856;34,563
2021-02-02 16:00:00;21,302;35,311
2021-02-02 17:00:00;21,275;35,840
2021-02-02 18:00:00;16,883;32,421
2021-02-02 19:00:00;14,773;29,578
2021-02-02 20:00:00;13,950;28,149
2021-02-02 21:00:00;12,580;25,903
2021-02-02 22:00:00;11,990;24,353
2021-02-02 23:00:00;11,695;23,591
2021-02-03 00:00:00;10,752;22,427
2021-02-03 01:00:00;10,844;22,378
2021-02-03 02:00:00;10,513;21,530
2021-02-03 03:00:00;9,899;19,754
2021-02-03 04:00:00;9,705;19,506
2021-02-03 05:00:00;9,300;18,919
2021-02-03 06:00:00;9,034;18,031
2021-02-03 07:00:00;8,989;17,732
2021-02-03 08:00:00;18,281;28,224
2021-02-03 09:00:00;35,100;42,243
2021-02-03 10:00:00;49,341;44,678
2021-02-03 11:00:00;49,917;44,357
2021-02-03 12:00:00;49,192;44,584
2021-02-03 13:00:00;44,821;44,513
2021-02-03 14:00:00;37,358;43,812
2021-02-03 15:00:00;28,377;41,239
2021-02-03 16:00:00;23,489;38,516
2021-02-03 17:00:00;21,200;36,625
2021-02-03 18:00:00;18,505;34,184
2021-02-03 19:00:00;14,315;28,573
2021-02-03 20:00:00;12,169;24,659
2021-02-03 21:00:00;10,893;22,162
2021-02-03 22:00:00;10,243;20,655
2021-02-03 23:00:00;9,932;19,956
2021-02-04 00:00:00;9,638;19,377
2021-02-04 01:00:00;9,426;18,786
2021-02-04 02:00:00;8,553;16,966
2021-02-04 03:00:00;8,098;16,039
2021-02-04 04:00:00;8,027;15,948
2021-02-04 05:00:00;8,078;15,870
2021-02-04 06:00:00;7,939;15,911
2021-02-04 07:00:00;8,359;16,406
2021-02-04 08:00:00;22,692;33,228
2021-02-04 09:00:00;31,358;39,840
2021-02-04 10:00:00;42,654;44,337
2021-02-04 11:00:00;48,646;44,854
2021-02-04 12:00:00;49,268;44,838
2021-02-04 13:00:00;33,957;42,347
2021-02-04 14:00:00;33,415;42,244
2021-02-04 15:00:00;27,005;40,801
2021-02-04 16:00:00;22,868;37,511
2021-02-04 17:00:00;19,023;34,686
2021-02-04 18:00:00;16,786;32,376
2021-02-04 19:00:00;14,637;28,822
2021-02-04 20:00:00;14,048;28,198
2021-02-04 21:00:00;14,206;28,109
2021-02-04 22:00:00;12,608;25,693
2021-02-04 23:00:00;13,349;25,662
2021-02-05 00:00:00;14,350;27,220
2021-02-05 01:00:00;13,301;25,898
2021-02-05 02:00:00;11,664;23,120
2021-02-05 03:00:00;12,107;23,645
2021-02-05 04:00:00;11,211;22,297
2021-02-05 05:00:00;11,622;23,071
2021-02-05 06:00:00;11,259;22,377
2021-02-05 07:00:00;11,560;23,082
2021-02-05 08:00:00;20,024;31,902
2021-02-05 09:00:00;33,494;41,432
2021-02-05 10:00:00;32,678;41,799
2021-02-05 11:00:00;30,437;40,443
2021-02-05 12:00:00;35,009;41,772
2021-02-05 13:00:00;28,401;39,790
2021-02-05 14:00:00;16,840;30,457
2021-02-05 15:00:00;25,314;37,827
2021-02-05 16:00:00;25,329;38,424
2021-02-05 17:00:00;21,214;35,456
2021-02-05 18:00:00;17,534;31,629
2021-02-05 19:00:00;15,391;29,342
2021-02-05 20:00:00;13,770;27,659
2021-02-05 21:00:00;13,443;27,046
2021-02-05 22:00:00;13,821;27,343
2021-02-05 23:00:00;13,146;26,315
2021-02-06 00:00:00;12,192;24,707
2021-02-06 01:00:00;11,747;24,136
2021-02-06 02:00:00;11,226;22,785
2021-02-06 03:00:00;10,715;21,756
2021-02-06 04:00:00;10,996;22,055
2021-02-06 05:00:00;11,461;22,921
2021-02-06 06:00:00;11,718;22,876
2021-02-06 07:00:00;11,562;22,587
2021-02-06 08:00:00;18,134;30,180
2021-02-06 09:00:00;21,660;34,151
2021-02-06 10:00:00;30,052;39,530
2021-02-06 11:00:00;46,641;44,147
2021-02-06 12:00:00;47,704;44,750
2021-02-06 13:00:00;47,246;44,845
2021-02-06 14:00:00;35,887;43,037
2021-02-06 15:00:00;27,623;40,967
2021-02-06 16:00:00;22,484;37,096
2021-02-06 17:00:00;18,494;33,074
2021-02-06 18:00:00;17,137;31,873
2021-02-06 19:00:00;15,909;30,470
2021-02-06 20:00:00;13,805;27,125
2021-02-06 21:00:00;12,619;25,260
2021-02-06 22:00:00;11,757;23,535
2021-02-06 23:00:00;11,351;22,698
2021-02-07 00:00:00;10,892;21,783
2021-02-07 01:00:00;10,557;21,126
2021-02-07 02:00:00;10,729;20,793
2021-02-07 03:00:00;9,804;19,963
2021-02-07 04:00:00;10,305;20,962
2021-02-07 05:00:00;12,247;23,551
2021-02-07 06:00:00;12,515;23,992
2021-02-07 07:00:00;11,773;22,889
2021-02-07 08:00:00;16,576;28,763
2021-02-07 09:00:00;23,921;35,722
2021-02-07 10:00:00;29,805;40,171
2021-02-07 11:00:00;33,582;41,758
2021-02-07 12:00:00;43,092;44,048
2021-02-07 13:00:00;45,569;44,801
2021-02-07 14:00:00;35,357;42,921
2021-02-07 15:00:00;24,942;39,163
2021-02-07 16:00:00;21,094;36,544
2021-02-07 17:00:00;19,877;35,867
2021-02-07 18:00:00;19,066;34,326
2021-02-07 19:00:00;16,912;31,970
2021-02-07 20:00:00;16,270;30,829
2021-02-07 21:00:00;14,141;27,810
2021-02-07 22:00:00;13,498;26,476
2021-02-07 23:00:00;13,000;25,740
2021-02-08 00:00:00;12,853;25,439
2021-02-08 01:00:00;12,801;24,908
2021-02-08 02:00:00;12,387;24,164
2021-02-08 03:00:00;12,258;23,730
2021-02-08 04:00:00;12,817;25,003
2021-02-08 05:00:00;12,424;24,440
2021-02-08 06:00:00;11,622;23,132
2021-02-08 07:00:00;11,459;22,117
2021-02-08 08:00:00;19,567;31,558
2021-02-08 09:00:00;33,722;41,458
2021-02-08 10:00:00;46,619;44,857
2021-02-08 11:00:00;31,544;41,734
2021-02-08 12:00:00;37,986;43,501
2021-02-08 13:00:00;31,086;42,235
2021-02-08 14:00:00;27,397;40,477
2021-02-08 15:00:00;16,579;31,040
2021-02-08 16:00:00;21,302;35,087
2021-02-08 17:00:00;19,777;34,194
2021-02-08 18:00:00;16,977;31,434
2021-02-08 19:00:00;14,173;27,953
2021-02-08 20:00:00;12,747;25,670
2021-02-08 21:00:00;12,325;24,755
2021-02-08 22:00:00;11,707;23,361
2021-02-08 23:00:00;11,251;22,421
2021-02-09 00:00:00;12,904;24,536
2021-02-09 01:00:00;12,443;24,007
2021-02-09 02:00:00;11,513;22,729
2021-02-09 03:00:00;11,324;22,247
2021-02-09 04:00:00;11,139;21,819
2021-02-09 05:00:00;10,994;21,872
2021-02-09 06:00:00;10,609;21,099
2021-02-09 07:00:00;11,159;21,595
2021-02-09 08:00:00;14,445;25,672
2021-02-09 09:00:00;20,275;31,933
2021-02-09 10:00:00;34,792;42,057
2021-02-09 11:00:00;32,388;41,779
2021-02-09 12:00:00;35,190;42,883
2021-02-09 13:00:00;25,981;38,890
2021-02-09 14:00:00;28,301;40,327
2021-02-09 15:00:00;22,581;36,936
2021-02-09 16:00:00;19,838;34,245
2021-02-09 17:00:00;15,133;29,381
2021-02-09 18:00:00;15,026;28,616
2021-02-09 19:00:00;13,091;26,143
2021-02-09 20:00:00;12,713;24,994
2021-02-09 21:00:00;13,011;25,409
2021-02-09 22:00:00;13,004;25,112
2021-02-09 23:00:00;12,881;24,928
2021-02-10 00:00:00;13,119;25,337
2021-02-10 01:00:00;12,801;24,649
2021-02-10 02:00:00;11,920;23,619
2021-02-10 03:00:00;11,462;22,493
2021-02-10 04:00:00;11,657;22,736
2021-02-10 05:00:00;10,982;21,485
2021-02-10 06:00:00;11,414;22,081
2021-02-10 07:00:00;11,951;22,827
2021-02-10 08:00:00;17,683;29,007
2021-02-10 09:00:00;29,120;39,081
2021-02-10 10:00:00;28,803;39,606
2021-02-10 11:00:00;39,469;43,515
2021-02-10 12:00:00;40,442;42,630
2021-02-10 13:00:00;36,221;42,288
2021-02-10 14:00:00;31,743;41,688
2021-02-10 15:00:00;25,386;38,895
2021-02-10 16:00:00;27,507;40,507
2021-02-10 17:00:00;25,512;39,818
2021-02-10 18:00:00;19,338;34,325
2021-02-10 19:00:00;16,516;31,310
2021-02-10 20:00:00;14,763;29,025
2021-02-10 21:00:00;14,917;28,923
2021-02-10 22:00:00;14,724;28,227
2021-02-10 23:00:00;14,625;27,900
2021-02-11 00:00:00;14,179;27,166
2021-02-11 01:00:00;13,801;26,321
2021-02-11 02:00:00;13,857;26,676
2021-02-11 03:00:00;13,196;25,271
2021-02-11 04:00:00;13,230;25,172
2021-02-11 05:00:00;12,457;23,673
2021-02-11 06:00:00;11,002;21,601
2021-02-11 07:00:00;10,565;20,378
2021-02-11 08:00:00;19,559;30,059
2021-02-11 09:00:00;35,563;42,495
2021-02-11 10:00:00;45,984;45,038
2021-02-11 11:00:00;47,918;44,846
2021-02-11 12:00:00;51,298;44,674
2021-02-11 13:00:00;45,932;44,216
2021-02-11 14:00:00;29,859;41,660
2021-02-11 15:00:00;29,985;41,946
2021-02-11 16:00:00;28,820;41,527
2021-02-11 17:00:00;24,350;38,527
2021-02-11 18:00:00;21,022;36,045
2021-02-11 19:00:00;16,785;31,889
2021-02-11 20:00:00;16,576;31,297
2021-02-11 21:00:00;14,701;28,831
2021-02-11 22:00:00;14,322;27,589
2021-02-11 23:00:00;14,657;27,963
2021-02-12 00:00:00;14,074;26,743
2021-02-12 01:00:00;13,993;26,673
2021-02-12 02:00:00;12,723;24,869
2021-02-12 03:00:00;13,063;25,190
2021-02-12 04:00:00;12,021;23,681
2021-02-12 05:00:00;10,532;21,073
2021-02-12 06:00:00;9,803;19,551
2021-02-12 07:00:00;10,114;19,780
2021-02-12 08:00:00;19,288;29,825
2021-02-12 09:00:00;34,711;42,157
2021-02-12 10:00:00;42,847;44,761
2021-02-12 11:00:00;30,065;40,556
2021-02-12 12:00:00;19,115;33,450
2021-02-12 13:00:00;29,918;39,628
2021-02-12 14:00:00;23,039;36,922
2021-02-12 15:00:00;26,705;39,578
2021-02-12 16:00:00;22,989;37,077
2021-02-12 17:00:00;19,386;34,207
2021-02-12 18:00:00;13,887;27,809
2021-02-12 19:00:00;13,747;26,888
2021-02-12 20:00:00;12,428;24,736
2021-02-12 21:00:00;11,416;22,894
2021-02-12 22:00:00;11,681;23,693
2021-02-12 23:00:00;11,588;22,977
2021-02-13 00:00:00;12,239;23,809
2021-02-13 01:00:00;12,650;24,135
2021-02-13 02:00:00;13,049;24,871
2021-02-13 03:00:00;12,801;24,672
2021-02-13 04:00:00;12,559;24,200
2021-02-13 05:00:00;11,790;23,613
2021-02-13 06:00:00;10,409;20,952
2021-02-13 07:00:00;11,140;21,475
2021-02-13 08:00:00;19,679;31,385
2021-02-13 09:00:00;37,377;42,945
2021-02-13 10:00:00;45,117;44,713
2021-02-13 11:00:00;49,195;44,554
2021-02-13 12:00:00;45,378;44,081
2021-02-13 13:00:00;33,488;42,118
2021-02-13 14:00:00;29,089;39,778
2021-02-13 15:00:00;24,876;38,248
2021-02-13 16:00:00;23,190;37,410
2021-02-13 17:00:00;20,038;34,693
2021-02-13 18:00:00;17,276;32,108
2021-02-13 19:00:00;13,943;27,844
2021-02-13 20:00:00;12,741;25,464
2021-02-13 21:00:00;11,928;23,960
2021-02-13 22:00:00;10,954;22,065
2021-02-13 23:00:00;10,547;21,120
2021-02-14 00:00:00;10,947;21,479
2021-02-14 01:00:00;11,937;23,026
2021-02-14 02:00:00;11,990;23,175
2021-02-14 03:00:00;11,362;22,254
2021-02-14 04:00:00;9,852;19,561
2021-02-14 05:00:00;10,187;19,794
2021-02-14 06:00:00;10,352;20,351
2021-02-14 07:00:00;10,653;20,537
2021-02-14 08:00:00;18,871;29,625
2021-02-14 09:00:00;27,433;38,149
2021-02-14 10:00:00;35,707;42,461
2021-02-14 11:00:00;44,809;44,171
2021-02-14 12:00:00;43,356;43,379
2021-02-14 13:00:00;25,416;38,875
2021-02-14 14:00:00;14,586;28,118
2021-02-14 15:00:00;16,254;28,998
2021-02-14 16:00:00;16,819;29,894
2021-02-14 17:00:00;15,534;28,292
2021-02-14 18:00:00;15,461;28,705
2021-02-14 19:00:00;12,445;24,805
2021-02-14 20:00:00;12,182;23,972
2021-02-14 21:00:00;12,303;24,107
2021-02-14 22:00:00;11,399;22,577
2021-02-14 23:00:00;11,898;23,242
2021-02-15 00:00:00;10,964;21,757
2021-02-15 01:00:00;10,414;20,812
2021-02-15 02:00:00;11,523;22,043
2021-02-15 03:00:00;12,400;23,628
2021-02-15 04:00:00;12,760;24,243
2021-02-15 05:00:00;12,098;23,007
2021-02-15 06:00:00;12,262;23,397
2021-02-15 07:00:00;12,975;24,511
2021-02-15 08:00:00;16,501;28,247
2021-02-15 09:00:00;22,739;35,073
2021-02-15 10:00:00;30,553;40,698
2021-02-15 11:00:00;34,551;42,530
2021-02-15 12:00:00;20,140;33,074
2021-02-15 13:00:00;13,740;26,467
2021-02-15 14:00:00;12,719;24,799
2021-02-15 15:00:00;17,029;29,815
2021-02-15 16:00:00;25,107;37,935
2021-02-15 17:00:00;20,248;34,175
2021-02-15 18:00:00;16,419;30,260
2021-02-15 19:00:00;12,445;24,676
2021-02-15 20:00:00;11,303;22,704
2021-02-15 21:00:00;10,669;21,349
2021-02-15 22:00:00;10,504;21,025
2021-02-15 23:00:00;11,350;21,972
2021-02-16 00:00:00;12,408;23,741
2021-02-16 01:00:00;12,537;23,876
2021-02-16 02:00:00;11,634;22,602
2021-02-16 03:00:00;10,703;21,498
2021-02-16 04:00:00;9,793;19,587
2021-02-16 05:00:00;10,179;20,070
2021-02-16 06:00:00;9,562;19,101
2021-02-16 07:00:00;11,255;21,463
2021-02-16 08:00:00;12,530;23,282
2021-02-16 09:00:00;34,206;41,221
2021-02-16 10:00:00;43,178;44,608
2021-02-16 11:00:00;45,025;44,553
2021-02-16 12:00:00;36,936;43,618
2021-02-16 13:00:00;34,013;42,920
2021-02-16 14:00:00;31,492;41,909
2021-02-16 15:00:00;27,220;39,744
2021-02-16 16:00:00;27,859;40,220
2021-02-16 17:00:00;23,931;37,824
2021-02-16 18:00:00;19,874;34,374
2021-02-16 19:00:00;16,836;31,178
2021-02-16 20:00:00;15,698;29,765
2021-02-16 21:00:00;15,130;29,125
2021-02-16 22:00:00;15,116;28,732
2021-02-16 23:00:00;14,446;27,758
2021-02-17 00:00:00;13,509;25,886
2021-02-17 01:00:00;10,730;21,408
2021-02-17 02:00:00;12,231;23,396
2021-02-17 03:00:00;11,197;22,432
2021-02-17 04:00:00;11,208;21,769
2021-02-17 05:00:00;9,489;19,233
2021-02-17 06:00:00;8,461;16,919
2021-02-17 07:00:00;9,018;17,437
2021-02-17 08:00:00;17,733;27,330
2021-02-17 09:00:00;35,197;42,038
2021-02-17 10:00:00;43,646;44,729
2021-02-17 11:00:00;42,363;44,418
2021-02-17 12:00:00;50,109;44,710
2021-02-17 13:00:00;54,583;43,791
2021-02-17 14:00:00;37,892;42,177
2021-02-17 15:00:00;28,727;41,031
2021-02-17 16:00:00;26,536;39,996
2021-02-17 17:00:00;25,385;39,277
2021-02-17 18:00:00;19,385;34,604
2021-02-17 19:00:00;15,316;30,000
2021-02-17 20:00:00;14,545;28,772
2021-02-17 21:00:00;15,396;29,366
2021-02-17 22:00:00;14,480;28,053
2021-02-17 23:00:00;13,978;27,408
2021-02-18 00:00:00;13,710;25,912
2021-02-18 01:00:00;14,155;26,675
2021-02-18 02:00:00;14,211;26,804
2021-02-18 03:00:00;13,546;26,206
2021-02-18 04:00:00;12,445;23,765
2021-02-18 05:00:00;12,782;24,129
2021-02-18 06:00:00;12,977;24,558
2021-02-18 07:00:00;13,536;25,435
2021-02-18 08:00:00;16,127;28,623
2021-02-18 09:00:00;29,312;38,765
2021-02-18 10:00:00;38,344;43,535
2021-02-18 11:00:00;44,544;44,706
2021-02-18 12:00:00;46,493;44,576
2021-02-18 13:00:00;35,408;43,173
2021-02-18 14:00:00;33,793;42,787
2021-02-18 15:00:00;27,436;40,458
2021-02-18 16:00:00;29,356;41,314
2021-02-18 17:00:00;21,861;35,879
2021-02-18 18:00:00;18,470;32,840
2021-02-18 19:00:00;16,817;31,032
2021-02-18 20:00:00;15,814;29,704
2021-02-18 21:00:00;15,369;28,968
2021-02-18 22:00:00;15,592;29,062
2021-02-18 23:00:00;15,235;28,667
2021-02-19 00:00:00;15,267;28,693
2021-02-19 01:00:00;15,016;28,069
2021-02-19 02:00:00;12,937;25,458
2021-02-19 03:00:00;12,913;24,866
2021-02-19 04:00:00;13,247;24,769
2021-02-19 05:00:00;13,757;25,965
2021-02-19 06:00:00;12,292;24,290
2021-02-19 07:00:00;11,947;23,396
2021-02-19 08:00:00;16,127;27,939
2021-02-19 09:00:00;23,937;36,051
2021-02-19 10:00:00;29,661;40,262
2021-02-19 11:00:00;36,357;42,931
2021-02-19 12:00:00;37,984;43,774
2021-02-19 13:00:00;32,767;41,937
2021-02-19 14:00:00;22,528;36,117
2021-02-19 15:00:00;18,946;33,022
2021-02-19 16:00:00;18,346;32,338
2021-02-19 17:00:00;14,185;26,878
2021-02-19 18:00:00;16,140;30,058
2021-02-19 19:00:00;14,521;28,172
2021-02-19 20:00:00;14,571;27,912
2021-02-19 21:00:00;14,523;27,827
2021-02-19 22:00:00;13,051;25,630
2021-02-19 23:00:00;12,731;24,408
2021-02-20 00:00:00;13,061;25,060
2021-02-20 01:00:00;12,429;24,043
2021-02-20 02:00:00;13,384;25,645
2021-02-20 03:00:00;13,013;25,276
2021-02-20 04:00:00;12,732;24,794
2021-02-20 05:00:00;13,093;24,726
2021-02-20 06:00:00;12,935;24,603
2021-02-20 07:00:00;12,835;24,412
2021-02-20 08:00:00;18,680;30,771
2021-02-20 09:00:00;24,254;36,148
2021-02-20 10:00:00;35,109;41,961
2021-02-20 11:00:00;36,984;42,598
2021-02-20 12:00:00;31,231;41,069
2021-02-20 13:00:00;20,750;34,725
2021-02-20 14:00:00;26,123;38,663
2021-02-20 15:00:00;26,269;39,100
2021-02-20 16:00:00;22,275;35,962
2021-02-20 17:00:00;21,224;35,151
2021-02-20 18:00:00;16,990;31,043
2021-02-20 19:00:00;14,144;27,685
2021-02-20 20:00:00;13,357;25,992
2021-02-20 21:00:00;13,144;25,190
2021-02-20 22:00:00;13,821;26,378
2021-02-20 23:00:00;14,483;27,515
2021-02-21 00:00:00;14,210;27,253
2021-02-21 01:00:00;13,625;26,280
2021-02-21 02:00:00;13,061;25,675
2021-02-21 03:00:00;12,749;25,067
2021-02-21 04:00:00;13,219;25,573
2021-02-21 05:00:00;13,281;25,656
2021-02-21 06:00:00;12,806;24,981
2021-02-21 07:00:00;13,292;25,044
2021-02-21 08:00:00;17,469;29,931
2021-02-21 09:00:00;22,935;35,295
2021-02-21 10:00:00;26,798;37,716
2021-02-21 11:00:00;23,724;36,610
2021-02-21 12:00:00;25,411;37,475
2021-02-21 13:00:00;25,094;37,523
2021-02-21 14:00:00;22,747;36,327
2021-02-21 15:00:00;24,918;37,715
2021-02-21 16:00:00;24,256;37,059
2021-02-21 17:00:00;17,704;31,315
2021-02-21 18:00:00;17,314;31,213
2021-02-21 19:00:00;15,677;29,425
2021-02-21 20:00:00;15,299;28,817
2021-02-21 21:00:00;14,880;28,274
2021-02-21 22:00:00;14,166;27,313
2021-02-21 23:00:00;14,606;27,778
2021-02-22 00:00:00;14,636;27,658
2021-02-22 01:00:00;14,344;27,210
2021-02-22 02:00:00;14,007;26,728
2021-02-22 03:00:00;13,209;25,348
2021-02-22 04:00:00;13,391;26,013
2021-02-22 05:00:00;12,387;24,503
2021-02-22 06:00:00;13,273;25,377
2021-02-22 07:00:00;13,863;26,036
2021-02-22 08:00:00;18,238;30,748
2021-02-22 09:00:00;23,421;35,636
2021-02-22 10:00:00;27,537;37,478
2021-02-22 11:00:00;42,651;43,651
2021-02-22 12:00:00;41,343;43,938
2021-02-22 13:00:00;28,333;38,628
2021-02-22 14:00:00;27,295;38,361
2021-02-22 15:00:00;25,794;37,530
2021-02-22 16:00:00;24,497;36,888
2021-02-22 17:00:00;20,463;33,975
2021-02-22 18:00:00;16,613;30,358
2021-02-22 19:00:00;15,032;28,551
2021-02-22 20:00:00;14,734;27,956
2021-02-22 21:00:00;14,024;26,936
2021-02-22 22:00:00;12,803;25,648
2021-02-22 23:00:00;13,580;26,447
2021-02-23 00:00:00;12,592;24,506
2021-02-23 01:00:00;10,608;21,307
2021-02-23 02:00:00;10,459;20,582
2021-02-23 03:00:00;11,673;22,348
2021-02-23 04:00:00;10,856;21,555
2021-02-23 05:00:00;9,823;19,566
2021-02-23 06:00:00;10,233;20,101
2021-02-23 07:00:00;11,463;21,935
2021-02-23 08:00:00;14,520;26,291
2021-02-23 09:00:00;19,443;31,888
2021-02-23 10:00:00;25,506;36,880
2021-02-23 11:00:00;28,645;39,420
2021-02-23 12:00:00;29,874;39,923
2021-02-23 13:00:00;39,578;42,900
2021-02-23 14:00:00;28,485;39,392
2021-02-23 15:00:00;27,354;39,257
2021-02-23 16:00:00;24,388;38,068
2021-02-23 17:00:00;20,513;34,496
2021-02-23 18:00:00;16,424;30,211
2021-02-23 19:00:00;14,998;28,519
2021-02-23 20:00:00;15,009;28,697
2021-02-23 21:00:00;13,742;26,949
2021-02-23 22:00:00;12,930;25,611
2021-02-23 23:00:00;13,954;26,913
2021-02-24 00:00:00;13,234;25,272
2021-02-24 01:00:00;13,464;25,667
2021-02-24 02:00:00;13,707;26,113
2021-02-24 03:00:00;13,663;25,985
2021-02-24 04:00:00;14,097;26,879
2021-02-24 05:00:00;13,822;26,300
2021-02-24 06:00:00;13,547;25,971
2021-02-24 07:00:00;13,880;26,380
2021-02-24 08:00:00;16,702;29,345
2021-02-24 09:00:00;19,981;33,003
2021-02-24 10:00:00;23,633;36,409
2021-02-24 11:00:00;30,054;40,797
2021-02-24 12:00:00;28,195;39,392
2021-02-24 13:00:00;37,433;42,629
2021-02-24 14:00:00;38,897;43,137
2021-02-24 15:00:00;22,906;36,409
2021-02-24 16:00:00;23,197;36,379
2021-02-24 17:00:00;16,437;30,126
2021-02-24 18:00:00;16,452;30,522
2021-02-24 19:00:00;13,890;27,227
2021-02-24 20:00:00;12,022;24,180
2021-02-24 21:00:00;12,366;24,709
2021-02-24 22:00:00;13,083;25,698
2021-02-24 23:00:00;13,036;25,515
2021-02-25 00:00:00;13,785;26,650
2021-02-25 01:00:00;13,923;26,889
2021-02-25 02:00:00;13,770;26,681
2021-02-25 03:00:00;13,793;26,564
2021-02-25 04:00:00;13,506;26,084
2021-02-25 05:00:00;13,902;26,732
2021-02-25 06:00:00;13,698;26,568
2021-02-25 07:00:00;14,533;27,418
2021-02-25 08:00:00;13,736;26,404
2021-02-25 09:00:00;16,403;28,959
2021-02-25 10:00:00;21,269;34,040
2021-02-25 11:00:00;24,323;36,148
2021-02-25 12:00:00;28,425;39,487
2021-02-25 13:00:00;24,417;36,845
2021-02-25 14:00:00;20,570;33,807
2021-02-25 15:00:00;22,036;34,718
2021-02-25 16:00:00;22,171;35,471
2021-02-25 17:00:00;19,683;33,662
2021-02-25 18:00:00;15,430;29,879
2021-02-25 19:00:00;13,407;26,575
2021-02-25 20:00:00;13,163;26,325
2021-02-25 21:00:00;13,012;25,989
2021-02-25 22:00:00;12,398;25,225
2021-02-25 23:00:00;11,435;23,273
2021-02-26 00:00:00;12,401;23,859
2021-02-26 01:00:00;12,743;24,951
2021-02-26 02:00:00;11,729;23,121
2021-02-26 03:00:00;12,386;24,005
2021-02-26 04:00:00;11,784;23,131
2021-02-26 05:00:00;10,933;22,118
2021-02-26 06:00:00;10,667;21,128
2021-02-26 07:00:00;12,341;23,569
2021-02-26 08:00:00;22,413;33,649
2021-02-26 09:00:00;25,542;37,147
2021-02-26 10:00:00;26,732;38,639
2021-02-26 11:00:00;27,925;39,451
2021-02-26 12:00:00;34,569;41,568
2021-02-26 13:00:00;31,457;40,207
2021-02-26 14:00:00;38,671;43,387
2021-02-26 15:00:00;24,489;38,287
2021-02-26 16:00:00;22,859;36,634
2021-02-26 17:00:00;21,983;35,903
2021-02-26 18:00:00;15,337;29,626
2021-02-26 19:00:00;14,594;28,680
2021-02-26 20:00:00;13,649;27,126
2021-02-26 21:00:00;13,514;26,773
2021-02-26 22:00:00;13,474;26,420
2021-02-26 23:00:00;13,852;26,774
2021-02-27 00:00:00;13,926;26,827
2021-02-27 01:00:00;13,781;26,592
2021-02-27 02:00:00;13,659;26,329
2021-02-27 03:00:00;13,785;26,246
2021-02-27 04:00:00;13,164;25,474
2021-02-27 05:00:00;12,713;24,608
2021-02-27 06:00:00;12,832;24,670
2021-02-27 07:00:00;12,666;24,604
2021-02-27 08:00:00;14,905;27,265
2021-02-27 09:00:00;20,431;32,855
2021-02-27 10:00:00;28,146;38,678
2021-02-27 11:00:00;25,748;38,381
2021-02-27 12:00:00;16,137;30,203
2021-02-27 13:00:00;24,011;36,073
2021-02-27 14:00:00;26,011;38,800
2021-02-27 15:00:00;22,013;35,787
2021-02-27 16:00:00;18,437;32,183
2021-02-27 17:00:00;18,622;32,498
2021-02-27 18:00:00;15,896;29,712
2021-02-27 19:00:00;13,931;26,912
2021-02-27 20:00:00;13,048;26,121
2021-02-27 21:00:00;13,208;26,016
2021-02-27 22:00:00;14,065;27,161
2021-02-27 23:00:00;13,887;27,009
2021-02-28 00:00:00;13,179;26,004
2021-02-28 01:00:00;13,761;26,421
2021-02-28 02:00:00;13,936;26,621
2021-02-28 03:00:00;12,870;25,301
2021-02-28 04:00:00;11,644;23,307
2021-02-28 05:00:00;12,650;24,373
2021-02-28 06:00:00;11,789;23,176
2021-02-28 07:00:00;13,188;24,873
2021-02-28 08:00:00;20,577;32,637
2021-02-28 09:00:00;27,318;38,029
2021-02-28 10:00:00;31,360;39,855
2021-02-28 11:00:00;48,474;44,858
2021-02-28 12:00:00;27,950;39,513
2021-02-28 13:00:00;21,215;34,599
2021-02-28 14:00:00;30,936;40,925
2021-02-28 15:00:00;26,939;39,712
2021-02-28 16:00:00;25,046;38,762
2021-02-28 17:00:00;25,803;39,317
2021-02-28 18:00:00;22,328;36,501
2021-02-28 19:00:00;17,295;31,802
2021-02-28 20:00:00;16,308;30,289
2021-02-28 21:00:00;15,653;29,608
2021-02-28 22:00:00;15,446;29,274
2021-02-28 23:00:00;15,547;29,409
2021-03-01 00:00:00;15,329;28,932
2021-03-01 01:00:00;14,757;28,068
2021-03-01 02:00:00;14,767;27,945
2021-03-01 03:00:00;14,224;27,049
2021-03-01 04:00:00;13,449;26,137
2021-03-01 05:00:00;12,992;25,600
2021-03-01 06:00:00;13,481;26,305
2021-03-01 07:00:00;12,420;24,640
2021-03-01 08:00:00;13,790;26,282
2021-03-01 09:00:00;18,049;30,923
2021-03-01 10:00:00;23,850;35,046
2021-03-01 11:00:00;35,637;42,789
2021-03-01 12:00:00;32,501;42,106
2021-03-01 13:00:00;28,243;39,450
2021-03-01 14:00:00;27,840;39,287
2021-03-01 15:00:00;25,484;38,545
2021-03-01 16:00:00;25,653;39,193
2021-03-01 17:00:00;21,389;35,821
2021-03-01 18:00:00;17,493;32,058
2021-03-01 19:00:00;11,637;23,826
2021-03-01 20:00:00;10,739;21,343
2021-03-01 21:00:00;10,971;21,722
2021-03-01 22:00:00;11,428;22,189
2021-03-01 23:00:00;11,358;22,208
2021-03-02 00:00:00;11,436;22,639
2021-03-02 01:00:00;11,066;21,762
2021-03-02 02:00:00;11,735;22,656
2021-03-02 03:00:00;12,420;23,921
2021-03-02 04:00:00;12,296;23,712
2021-03-02 05:00:00;11,984;23,121
2021-03-02 06:00:00;12,110;23,160
2021-03-02 07:00:00;12,377;23,555
2021-03-02 08:00:00;14,904;26,194
2021-03-02 09:00:00;21,801;33,783
2021-03-02 10:00:00;23,056;35,346
2021-03-02 11:00:00;21,998;34,815
2021-03-02 12:00:00;20,426;33,480
2021-03-02 13:00:00;34,164;42,166
2021-03-02 14:00:00;39,476;44,100
2021-03-02 15:00:00;30,931;41,483
2021-03-02 16:00:00;22,774;36,460
2021-03-02 17:00:00;16,769;30,824
2021-03-02 18:00:00;10,872;22,056
2021-03-02 19:00:00;11,327;22,682
2021-03-02 20:00:00;11,784;23,171
2021-03-02 21:00:00;11,839;22,876
2021-03-02 22:00:00;12,071;23,323
2021-03-02 23:00:00;12,140;23,321
2021-03-03 00:00:00;12,051;23,201
2021-03-03 01:00:00;12,044;23,099
2021-03-03 02:00:00;11,749;22,540
2021-03-03 03:00:00;12,202;23,366
2021-03-03 04:00:00;11,393;22,091
2021-03-03 05:00:00;11,565;22,329
2021-03-03 06:00:00;12,464;23,585
2021-03-03 07:00:00;12,515;23,471
2021-03-03 08:00:00;16,798;28,649
2021-03-03 09:00:00;20,453;32,498
2021-03-03 10:00:00;29,495;39,505
2021-03-03 11:00:00;29,228;39,670
2021-03-03 12:00:00;20,306;34,084
2021-03-03 13:00:00;23,768;35,925
2021-03-03 14:00:00;32,274;40,994
2021-03-03 15:00:00;21,835;35,373
2021-03-03 16:00:00;25,060;38,414
2021-03-03 17:00:00;14,078;27,603
2021-03-03 18:00:00;13,223;25,677
2021-03-03 19:00:00;13,578;26,195
2021-03-03 20:00:00;13,584;25,987
2021-03-03 21:00:00;13,450;25,781
2021-03-03 22:00:00;13,602;26,152
2021-03-03 23:00:00;13,811;26,138
2021-03-04 00:00:00;13,571;25,867
2021-03-04 01:00:00;13,284;25,452
2021-03-04 02:00:00;12,805;24,426
2021-03-04 03:00:00;13,452;25,572
2021-03-04 04:00:00;12,825;24,352
2021-03-04 05:00:00;13,181;25,120
2021-03-04 06:00:00;13,204;25,041
2021-03-04 07:00:00;13,112;25,247
2021-03-04 08:00:00;12,700;24,243
2021-03-04 09:00:00;16,478;28,623
2021-03-04 10:00:00;19,026;31,118
2021-03-04 11:00:00;14,450;26,864
2021-03-04 12:00:00;15,187;27,587
2021-03-04 13:00:00;12,214;23,941
2021-03-04 14:00:00;14,772;26,774
2021-03-04 15:00:00;19,697;32,452
2021-03-04 16:00:00;20,089;33,050
2021-03-04 17:00:00;15,751;28,684
2021-03-04 18:00:00;15,192;28,208
2021-03-04 19:00:00;14,202;26,939
2021-03-04 20:00:00;13,376;25,796
2021-03-04 21:00:00;13,168;25,215
2021-03-04 22:00:00;12,781;24,981
2021-03-04 23:00:00;12,613;24,704
2021-03-05 00:00:00;13,328;24,965
2021-03-05 01:00:00;12,022;23,675
2021-03-05 02:00:00;11,924;23,547
2021-03-05 03:00:00;10,850;21,460
2021-03-05 04:00:00;10,895;21,578
2021-03-05 05:00:00;11,364;22,472
2021-03-05 06:00:00;11,558;22,569
2021-03-05 07:00:00;11,188;21,826
2021-03-05 08:00:00;12,145;22,995
2021-03-05 09:00:00;13,530;25,047
2021-03-05 10:00:00;15,239;26,963
2021-03-05 11:00:00;23,251;34,410
2021-03-05 12:00:00;32,981;41,455
2021-03-05 13:00:00;35,318;42,803
2021-03-05 14:00:00;29,540;39,992
2021-03-05 15:00:00;26,583;38,742
2021-03-05 16:00:00;19,900;34,122
2021-03-05 17:00:00;15,427;29,552
2021-03-05 18:00:00;14,200;27,343
2021-03-05 19:00:00;14,029;26,905
2021-03-05 20:00:00;12,200;24,320
2021-03-05 21:00:00;11,303;22,889
2021-03-05 22:00:00;10,770;21,628
2021-03-05 23:00:00;11,300;22,203
2021-03-06 00:00:00;11,480;22,611
2021-03-06 01:00:00;11,682;22,846
2021-03-06 02:00:00;10,362;21,205
2021-03-06 03:00:00;9,614;19,312
2021-03-06 04:00:00;10,333;20,400
2021-03-06 05:00:00;10,348;20,528
2021-03-06 06:00:00;10,478;20,808
2021-03-06 07:00:00;11,128;21,541
2021-03-06 08:00:00;16,702;27,964
2021-03-06 09:00:00;21,477;33,376
2021-03-06 10:00:00;29,290;39,418
2021-03-06 11:00:00;33,827;42,341
2021-03-06 12:00:00;33,540;42,129
2021-03-06 13:00:00;31,584;41,162
2021-03-06 14:00:00;23,885;37,516
2021-03-06 15:00:00;26,590;38,822
2021-03-06 16:00:00;23,505;37,422
2021-03-06 17:00:00;20,404;34,784
2021-03-06 18:00:00;16,351;30,194
2021-03-06 19:00:00;14,915;28,861
2021-03-06 20:00:00;13,595;27,059
2021-03-06 21:00:00;13,719;26,708
2021-03-06 22:00:00;13,894;26,765
2021-03-06 23:00:00;13,853;27,247
2021-03-07 00:00:00;10,696;23,006
2021-03-07 01:00:00;10,685;22,641
2021-03-07 02:00:00;11,436;23,282
2021-03-07 03:00:00;11,525;22,839
2021-03-07 04:00:00;11,723;22,535
2021-03-07 05:00:00;12,124;23,481
2021-03-07 06:00:00;11,534;22,810
2021-03-07 07:00:00;11,888;23,068
2021-03-07 08:00:00;14,709;26,828
2021-03-07 09:00:00;18,739;31,164
2021-03-07 10:00:00;21,976;34,374
2021-03-07 11:00:00;26,800;37,635
2021-03-07 12:00:00;24,045;36,489
2021-03-07 13:00:00;28,392;38,883
2021-03-07 14:00:00;26,973;38,780
2021-03-07 15:00:00;22,469;35,047
2021-03-07 16:00:00;21,366;34,976
2021-03-07 17:00:00;19,292;33,136
2021-03-07 18:00:00;16,258;30,532
2021-03-07 19:00:00;14,497;28,367
2021-03-07 20:00:00;13,694;27,066
2021-03-07 21:00:00;14,311;27,905
2021-03-07 22:00:00;14,508;27,992
2021-03-07 23:00:00;14,230;27,611
2021-03-08 00:00:00;13,830;27,095
2021-03-08 01:00:00;13,654;26,615
2021-03-08 02:00:00;13,967;27,037
2021-03-08 03:00:00;12,926;25,553
2021-03-08 04:00:00;11,728;23,348
2021-03-08 05:00:00;12,164;23,859
2021-03-08 06:00:00;12,036;23,970
2021-03-08 07:00:00;12,720;25,027
2021-03-08 08:00:00;15,848;28,438
2021-03-08 09:00:00;25,563;37,090
2021-03-08 10:00:00;27,402;38,323
2021-03-08 11:00:00;26,371;37,478
2021-03-08 12:00:00;30,080;39,907
2021-03-08 13:00:00;26,816;38,125
2021-03-08 14:00:00;29,162;39,945
2021-03-08 15:00:00;25,446;37,665
2021-03-08 16:00:00;23,786;36,862
2021-03-08 17:00:00;25,207;38,573
2021-03-08 18:00:00;17,001;31,473
2021-03-08 19:00:00;13,206;26,724
2021-03-08 20:00:00;13,934;27,389
2021-03-08 21:00:00;13,317;26,510
2021-03-08 22:00:00;12,181;23,984
2021-03-08 23:00:00;12,705;24,293
2021-03-09 00:00:00;12,378;23,880
2021-03-09 01:00:00;11,630;23,193
2021-03-09 02:00:00;10,551;20,897
2021-03-09 03:00:00;9,746;19,453
2021-03-09 04:00:00;9,668;18,888
2021-03-09 05:00:00;9,992;19,446
2021-03-09 06:00:00;9,799;19,561
2021-03-09 07:00:00;10,187;19,476
2021-03-09 08:00:00;16,470;26,816
2021-03-09 09:00:00;38,738;43,402
2021-03-09 10:00:00;43,193;44,311
2021-03-09 11:00:00;47,071;44,834
2021-03-09 12:00:00;46,733;44,283
2021-03-09 13:00:00;34,777;42,727
2021-03-09 14:00:00;22,794;37,130
2021-03-09 15:00:00;21,666;35,786
2021-03-09 16:00:00;16,885;31,460
2021-03-09 17:00:00;13,177;26,406
2021-03-09 18:00:00;14,192;27,232
2021-03-09 19:00:00;13,978;27,049
2021-03-09 20:00:00;13,730;26,791
2021-03-09 21:00:00;12,604;24,908
2021-03-09 22:00:00;12,765;25,045
2021-03-09 23:00:00;12,618;24,655
2021-03-10 00:00:00;12,222;23,986
2021-03-10 01:00:00;11,532;22,904
2021-03-10 02:00:00;11,328;22,363
2021-03-10 03:00:00;10,045;20,293
2021-03-10 04:00:00;9,762;19,654
2021-03-10 05:00:00;9,347;18,821
2021-03-10 06:00:00;9,631;18,953
2021-03-10 07:00:00;9,956;19,271
2021-03-10 08:00:00;18,598;29,190
2021-03-10 09:00:00;24,574;36,117
2021-03-10 10:00:00;35,321;41,775
2021-03-10 11:00:00;41,288;44,253
2021-03-10 12:00:00;36,158;43,029
2021-03-10 13:00:00;25,706;37,726
2021-03-10 14:00:00;18,473;31,942
2021-03-10 15:00:00;18,830;32,134
2021-03-10 16:00:00;22,032;35,176
2021-03-10 17:00:00;21,878;35,274
2021-03-10 18:00:00;17,525;31,362
2021-03-10 19:00:00;14,589;28,132
2021-03-10 20:00:00;13,625;27,005
2021-03-10 21:00:00;14,375;27,607
2021-03-10 22:00:00;13,231;26,017
2021-03-10 23:00:00;13,710;26,005
2021-03-11 00:00:00;12,898;24,552
2021-03-11 01:00:00;13,792;26,027
2021-03-11 02:00:00;14,006;26,588
2021-03-11 03:00:00;13,823;26,310
2021-03-11 04:00:00;13,497;25,819
2021-03-11 05:00:00;13,354;25,488
2021-03-11 06:00:00;13,036;25,238
2021-03-11 07:00:00;12,567;24,724
2021-03-11 08:00:00;16,350;28,794
2021-03-11 09:00:00;22,088;34,332
2021-03-11 10:00:00;33,943;41,243
2021-03-11 11:00:00;24,489;37,028
2021-03-11 12:00:00;22,133;35,229
2021-03-11 13:00:00;28,467;39,328
2021-03-11 14:00:00;20,168;33,845
2021-03-11 15:00:00;19,067;32,081
2021-03-11 16:00:00;13,925;26,461
2021-03-11 17:00:00;12,273;23,766
2021-03-11 18:00:00;12,680;24,291
2021-03-11 19:00:00;11,907;23,470
2021-03-11 20:00:00;12,434;24,035
2021-03-11 21:00:00;12,461;24,005
2021-03-11 22:00:00;11,629;22,945
2021-03-11 23:00:00;11,345;22,635
2021-03-12 00:00:00;11,309;22,391
2021-03-12 01:00:00;11,846;23,198
2021-03-12 02:00:00;11,922;23,328
2021-03-12 03:00:00;11,879;23,097
2021-03-12 04:00:00;11,341;22,331
2021-03-12 05:00:00;11,061;21,377
2021-03-12 06:00:00;11,312;21,961
2021-03-12 07:00:00;11,469;22,662
2021-03-12 08:00:00;13,937;25,161
2021-03-12 09:00:00;19,808;31,714
2021-03-12 10:00:00;19,078;31,745
2021-03-12 11:00:00;21,691;33,636
2021-03-12 12:00:00;23,484;35,803
2021-03-12 13:00:00;17,975;30,871
2021-03-12 14:00:00;24,765;36,642
2021-03-12 15:00:00;25,394;37,549
2021-03-12 16:00:00;17,679;30,815
2021-03-12 17:00:00;12,930;24,657
2021-03-12 18:00:00;11,845;23,159
2021-03-12 19:00:00;12,108;23,598
2021-03-12 20:00:00;12,545;24,577
2021-03-12 21:00:00;11,903;23,360
2021-03-12 22:00:00;12,012;23,389
2021-03-12 23:00:00;11,862;23,210
2021-03-13 00:00:00;10,254;20,102
2021-03-13 01:00:00;10,388;20,259
2021-03-13 02:00:00;10,178;20,025
2021-03-13 03:00:00;10,331;20,157
2021-03-13 04:00:00;9,660;18,769
2021-03-13 05:00:00;9,024;17,602
2021-03-13 06:00:00;9,173;17,786
2021-03-13 07:00:00;9,482;18,535
2021-03-13 08:00:00;14,615;25,071
2021-03-13 09:00:00;16,878;28,085
2021-03-13 10:00:00;33,657;40,179
2021-03-13 11:00:00;41,573;44,088
2021-03-13 12:00:00;31,778;40,917
2021-03-13 13:00:00;27,301;38,547
2021-03-13 14:00:00;22,836;35,845
2021-03-13 15:00:00;27,749;39,349
2021-03-13 16:00:00;24,900;37,609
2021-03-13 17:00:00;17,115;30,888
2021-03-13 18:00:00;15,475;28,847
2021-03-13 19:00:00;13,599;26,469
2021-03-13 20:00:00;13,526;26,274
2021-03-13 21:00:00;12,576;24,927
2021-03-13 22:00:00;11,536;22,601
2021-03-13 23:00:00;12,585;23,967
2021-03-14 00:00:00;11,746;22,541
2021-03-14 01:00:00;11,672;22,514
2021-03-14 02:00:00;11,903;22,720
2021-03-14 03:00:00;12,231;23,164
2021-03-14 04:00:00;11,449;22,330
2021-03-14 05:00:00;11,888;22,566
2021-03-14 06:00:00;11,930;22,761
2021-03-14 07:00:00;12,386;23,287
2021-03-14 08:00:00;19,138;30,720
2021-03-14 09:00:00;22,936;34,667
2021-03-14 10:00:00;35,753;42,109
2021-03-14 11:00:00;43,967;44,836
2021-03-14 12:00:00;29,952;40,029
2021-03-14 13:00:00;19,553;33,154
2021-03-14 14:00:00;15,532;28,671
2021-03-14 15:00:00;13,155;24,611
2021-03-14 16:00:00;13,215;24,741
2021-03-14 17:00:00;13,490;25,287
2021-03-14 18:00:00;13,855;26,905
2021-03-14 19:00:00;11,152;22,698
2021-03-14 20:00:00;10,433;20,908
2021-03-14 21:00:00;10,918;21,293
2021-03-14 22:00:00;11,272;22,059
2021-03-14 23:00:00;11,205;21,824
2021-03-15 00:00:00;11,358;21,970
2021-03-15 01:00:00;11,324;21,981
2021-03-15 02:00:00;11,559;22,194
2021-03-15 03:00:00;11,460;22,116
2021-03-15 04:00:00;11,985;22,961
2021-03-15 05:00:00;12,285;23,490
2021-03-15 06:00:00;12,247;23,581
2021-03-15 07:00:00;12,357;23,157
2021-03-15 08:00:00;17,418;28,759
2021-03-15 09:00:00;26,943;38,020
2021-03-15 10:00:00;30,265;40,220
2021-03-15 11:00:00;28,615;39,186
2021-03-15 12:00:00;21,891;35,439
2021-03-15 13:00:00;22,696;35,795
2021-03-15 14:00:00;16,429;30,090
2021-03-15 15:00:00;12,423;24,141
2021-03-15 16:00:00;14,631;26,307
2021-03-15 17:00:00;16,937;29,746
2021-03-15 18:00:00;12,507;24,317
2021-03-15 19:00:00;12,081;23,601
2021-03-15 20:00:00;11,566;22,807
2021-03-15 21:00:00;11,328;22,277
2021-03-15 22:00:00;10,908;21,086
2021-03-15 23:00:00;10,382;20,401
2021-03-16 00:00:00;9,866;19,442
2021-03-16 01:00:00;10,581;20,620
2021-03-16 02:00:00;10,827;20,893
2021-03-16 03:00:00;9,909;19,441
2021-03-16 04:00:00;10,576;20,859
2021-03-16 05:00:00;10,640;20,973
2021-03-16 06:00:00;10,825;20,792
2021-03-16 07:00:00;10,937;20,759
2021-03-16 08:00:00;13,647;24,073
2021-03-16 09:00:00;21,384;32,743
2021-03-16 10:00:00;29,169;39,040
2021-03-16 11:00:00;27,622;38,381
2021-03-16 12:00:00;30,282;40,411
2021-03-16 13:00:00;34,552;42,781
2021-03-16 14:00:00;28,246;39,423
2021-03-16 15:00:00;37,983;42,689
2021-03-16 16:00:00;24,978;38,608
2021-03-16 17:00:00;18,701;33,119
2021-03-16 18:00:00;16,177;30,201
2021-03-16 19:00:00;14,843;28,531
2021-03-16 20:00:00;14,283;27,487
2021-03-16 21:00:00;12,993;25,321
2021-03-16 22:00:00;12,165;23,808
2021-03-16 23:00:00;12,408;24,229
2021-03-17 00:00:00;11,778;23,454
2021-03-17 01:00:00;11,753;22,967
2021-03-17 02:00:00;12,159;23,458
2021-03-17 03:00:00;11,585;22,246
2021-03-17 04:00:00;12,208;23,559
2021-03-17 05:00:00;12,385;23,746
2021-03-17 06:00:00;11,720;22,374
2021-03-17 07:00:00;11,310;21,903
2021-03-17 08:00:00;15,451;27,135
2021-03-17 09:00:00;16,870;29,464
2021-03-17 10:00:00;15,370;28,316
2021-03-17 11:00:00;13,891;26,427
2021-03-17 12:00:00;24,759;35,228
2021-03-17 13:00:00;40,861;43,909
2021-03-17 14:00:00;28,958;39,967
2021-03-17 15:00:00;21,448;34,628
2021-03-17 16:00:00;18,944;32,246
2021-03-17 17:00:00;18,244;31,535
2021-03-17 18:00:00;15,583;28,920
2021-03-17 19:00:00;12,901;25,797
2021-03-17 20:00:00;12,519;24,473
2021-03-17 21:00:00;12,242;23,931
2021-03-17 22:00:00;12,404;24,049
2021-03-17 23:00:00;12,786;24,670
2021-03-18 00:00:00;12,655;24,236
2021-03-18 01:00:00;13,280;25,323
2021-03-18 02:00:00;12,681;24,071
2021-03-18 03:00:00;12,116;23,164
2021-03-18 04:00:00;12,147;23,259
2021-03-18 05:00:00;12,053;23,528
2021-03-18 06:00:00;11,867;22,991
2021-03-18 07:00:00;11,848;22,987
2021-03-18 08:00:00;13,393;25,082
2021-03-18 09:00:00;20,187;32,117
2021-03-18 10:00:00;18,404;30,986
2021-03-18 11:00:00;20,530;33,015
2021-03-18 12:00:00;22,957;35,352
2021-03-18 13:00:00;24,434;36,001
2021-03-18 14:00:00;39,479;43,721
2021-03-18 15:00:00;32,131;40,255
2021-03-18 16:00:00;23,284;36,246
2021-03-18 17:00:00;16,483;30,171
2021-03-18 18:00:00;15,216;28,708
2021-03-18 19:00:00;13,439;26,475
2021-03-18 20:00:00;12,106;23,819
2021-03-18 21:00:00;11,224;22,380
2021-03-18 22:00:00;11,169;21,805
2021-03-18 23:00:00;10,641;21,008
2021-03-19 00:00:00;12,170;22,964
2021-03-19 01:00:00;12,579;23,986
2021-03-19 02:00:00;12,370;23,542
2021-03-19 03:00:00;12,285;23,655
2021-03-19 04:00:00;10,585;20,868
2021-03-19 05:00:00;10,333;19,890
2021-03-19 06:00:00;8,991;17,862
2021-03-19 07:00:00;9,115;17,880
2021-03-19 08:00:00;15,210;25,327
2021-03-19 09:00:00;35,523;42,049
2021-03-19 10:00:00;38,729;42,724
2021-03-19 11:00:00;48,359;45,150
2021-03-19 12:00:00;35,729;43,010
2021-03-19 13:00:00;28,129;39,451
2021-03-19 14:00:00;12,766;25,407
2021-03-19 15:00:00;14,830;26,941
2021-03-19 16:00:00;23,708;36,204
2021-03-19 17:00:00;21,395;34,990
2021-03-19 18:00:00;16,786;31,110
2021-03-19 19:00:00;14,780;28,354
2021-03-19 20:00:00;14,625;27,659
2021-03-19 21:00:00;14,934;28,346
2021-03-19 22:00:00;14,714;27,642
2021-03-19 23:00:00;14,238;27,256
2021-03-20 00:00:00;13,044;24,674
2021-03-20 01:00:00;13,788;26,128
2021-03-20 02:00:00;13,460;25,643
2021-03-20 03:00:00;11,888;23,403
2021-03-20 04:00:00;12,337;23,624
2021-03-20 05:00:00;12,778;24,087
2021-03-20 06:00:00;12,828;24,362
2021-03-20 07:00:00;12,206;23,873
2021-03-20 08:00:00;15,365;27,644
2021-03-20 09:00:00;24,262;35,721
2021-03-20 10:00:00;40,276;43,862
2021-03-20 11:00:00;41,455;43,697
2021-03-20 12:00:00;36,293;42,658
2021-03-20 13:00:00;27,688;39,357
2021-03-20 14:00:00;36,850;43,634
2021-03-20 15:00:00;36,971;42,862
2021-03-20 16:00:00;25,864;38,592
2021-03-20 17:00:00;22,751;36,236
2021-03-20 18:00:00;18,273;32,188
2021-03-20 19:00:00;15,109;28,969
2021-03-20 20:00:00;13,891;26,987
2021-03-20 21:00:00;11,893;23,790
2021-03-20 22:00:00;10,931;21,973
2021-03-20 23:00:00;10,404;20,933
2021-03-21 00:00:00;9,897;19,780
2021-03-21 01:00:00;9,514;18,922
2021-03-21 02:00:00;9,206;18,383
2021-03-21 03:00:00;9,105;18,145
2021-03-21 04:00:00;9,030;18,113
2021-03-21 05:00:00;8,459;16,906
2021-03-21 06:00:00;8,319;16,851
2021-03-21 07:00:00;9,271;18,302
2021-03-21 08:00:00;15,091;25,731
2021-03-21 09:00:00;29,086;38,992
2021-03-21 10:00:00;27,152;38,300
2021-03-21 11:00:00;26,784;37,684
2021-03-21 12:00:00;41,447;43,561
2021-03-21 13:00:00;38,127;43,405
2021-03-21 14:00:00;28,873;39,584
2021-03-21 15:00:00;23,258;35,718
2021-03-21 16:00:00;22,451;35,495
2021-03-21 17:00:00;17,725;31,132
2021-03-21 18:00:00;16,037;29,603
2021-03-21 19:00:00;14,648;28,073
2021-03-21 20:00:00;13,869;26,871
2021-03-21 21:00:00;14,009;26,773
2021-03-21 22:00:00;14,070;26,887
2021-03-21 23:00:00;13,663;26,375
2021-03-22 00:00:00;13,342;25,523
2021-03-22 01:00:00;12,880;24,672
2021-03-22 02:00:00;11,943;23,469
2021-03-22 03:00:00;10,093;20,089
2021-03-22 04:00:00;11,465;21,778
2021-03-22 05:00:00;11,604;22,735
2021-03-22 06:00:00;11,680;22,563
2021-03-22 07:00:00;12,952;23,759
2021-03-22 08:00:00;16,826;28,684
2021-03-22 09:00:00;22,821;34,214
2021-03-22 10:00:00;33,951;41,704
2021-03-22 11:00:00;41,785;44,350
2021-03-22 12:00:00;43,598;44,071
2021-03-22 13:00:00;46,878;44,689
2021-03-22 14:00:00;37,928;43,194
2021-03-22 15:00:00;28,155;39,400
2021-03-22 16:00:00;19,560;33,165
2021-03-22 17:00:00;15,864;28,996
2021-03-22 18:00:00;14,531;27,251
2021-03-22 19:00:00;13,962;26,578
2021-03-22 20:00:00;13,580;26,133
2021-03-22 21:00:00;13,959;26,467
2021-03-22 22:00:00;14,262;26,926
2021-03-22 23:00:00;12,891;25,204
2021-03-23 00:00:00;11,948;23,653
2021-03-23 01:00:00;11,905;22,942
2021-03-23 02:00:00;10,807;21,173
2021-03-23 03:00:00;11,338;21,596
2021-03-23 04:00:00;10,883;20,872
2021-03-23 05:00:00;10,258;19,664
2021-03-23 06:00:00;9,591;18,913
2021-03-23 07:00:00;11,235;20,935
2021-03-23 08:00:00;17,499;28,716
2021-03-23 09:00:00;33,252;40,811
2021-03-23 10:00:00;27,126;38,499
2021-03-23 11:00:00;27,237;38,714
2021-03-23 12:00:00;21,149;34,792
2021-03-23 13:00:00;21,430;35,102
2021-03-23 14:00:00;12,676;25,029
2021-03-23 15:00:00;14,650;25,704
2021-03-23 16:00:00;15,745;28,358
2021-03-23 17:00:00;14,859;26,998
2021-03-23 18:00:00;14,979;28,046
2021-03-23 19:00:00;12,553;24,779
2021-03-23 20:00:00;12,059;23,575
2021-03-23 21:00:00;12,351;23,807
2021-03-23 22:00:00;12,271;23,590
2021-03-23 23:00:00;12,697;24,436
2021-03-24 00:00:00;12,546;24,103
2021-03-24 01:00:00;12,913;24,585
2021-03-24 02:00:00;13,127;25,109
2021-03-24 03:00:00;13,250;25,257
2021-03-24 04:00:00;12,272;23,777
2021-03-24 05:00:00;12,306;23,378
2021-03-24 06:00:00;12,504;23,744
2021-03-24 07:00:00;12,898;24,022
2021-03-24 08:00:00;15,820;27,616
2021-03-24 09:00:00;24,535;36,120
2021-03-24 10:00:00;23,673;36,170
2021-03-24 11:00:00;28,297;39,528
2021-03-24 12:00:00;23,729;36,851
2021-03-24 13:00:00;25,644;37,896
2021-03-24 14:00:00;25,532;37,283
2021-03-24 15:00:00;21,333;34,281
2021-03-24 16:00:00;12,965;24,842
2021-03-24 17:00:00;13,561;25,371
2021-03-24 18:00:00;13,363;26,239
2021-03-24 19:00:00;11,619;23,499
2021-03-24 20:00:00;11,089;21,951
2021-03-24 21:00:00;10,436;20,796
2021-03-24 22:00:00;10,607;21,046
2021-03-24 23:00:00;10,050;20,233
2021-03-25 00:00:00;9,863;19,726
2021-03-25 01:00:00;9,363;18,744
2021-03-25 02:00:00;9,225;18,596
2021-03-25 03:00:00;8,898;17,919
2021-03-25 04:00:00;8,827;17,713
2021-03-25 05:00:00;8,504;17,505
2021-03-25 06:00:00;9,042;18,017
2021-03-25 07:00:00;11,870;21,854
2021-03-25 08:00:00;19,401;30,153
2021-03-25 09:00:00;19,167;31,099
2021-03-25 10:00:00;25,907;37,175
2021-03-25 11:00:00;31,326;40,836
2021-03-25 12:00:00;24,320;36,731
2021-03-25 13:00:00;40,130;43,697
2021-03-25 14:00:00;23,843;37,325
2021-03-25 15:00:00;22,721;36,342
2021-03-25 16:00:00;22,410;35,539
2021-03-25 17:00:00;17,446;32,024
2021-03-25 18:00:00;15,843;31,544
2021-03-25 19:00:00;13,590;27,435
2021-03-25 20:00:00;13,451;26,682
2021-03-25 21:00:00;13,867;27,549
2021-03-25 22:00:00;12,502;25,220
2021-03-25 23:00:00;11,544;23,007
2021-03-26 00:00:00;10,564;21,091
2021-03-26 01:00:00;10,165;20,290
2021-03-26 02:00:00;10,170;20,041
2021-03-26 03:00:00;10,510;20,534
2021-03-26 04:00:00;10,166;20,214
2021-03-26 05:00:00;11,267;21,693
2021-03-26 06:00:00;12,250;23,447
2021-03-26 07:00:00;14,218;25,729
2021-03-26 08:00:00;17,592;30,082
2021-03-26 09:00:00;21,034;33,745
2021-03-26 10:00:00;26,785;37,952
2021-03-26 11:00:00;41,842;44,056
2021-03-26 12:00:00;29,673;40,066
2021-03-26 13:00:00;26,546;38,799
2021-03-26 14:00:00;15,334;28,259
2021-03-26 15:00:00;19,008;31,691
2021-03-26 16:00:00;24,014;37,210
2021-03-26 17:00:00;22,895;36,866
2021-03-26 18:00:00;16,727;30,666
2021-03-26 19:00:00;15,098;28,701
2021-03-26 20:00:00;14,838;28,367
2021-03-26 21:00:00;14,238;27,481
2021-03-26 22:00:00;13,951;26,909
2021-03-26 23:00:00;13,952;26,614
2021-03-27 00:00:00;13,631;26,201
2021-03-27 01:00:00;12,473;24,895
2021-03-27 02:00:00;13,284;25,426
2021-03-27 03:00:00;13,131;25,267
2021-03-27 04:00:00;13,034;24,874
2021-03-27 05:00:00;13,101;25,076
2021-03-27 06:00:00;12,770;24,702
2021-03-27 07:00:00;13,946;26,167
2021-03-27 08:00:00;16,712;29,227
2021-03-27 09:00:00;19,784;32,329
2021-03-27 10:00:00;23,890;36,215
2021-03-27 11:00:00;23,735;36,448
2021-03-27 12:00:00;26,729;38,363
2021-03-27 13:00:00;21,082;33,817
2021-03-27 14:00:00;22,977;35,339
2021-03-27 15:00:00;21,930;35,082
2021-03-27 16:00:00;22,374;35,265
2021-03-27 17:00:00;19,946;33,204
2021-03-27 18:00:00;15,357;29,186
2021-03-27 19:00:00;12,923;25,790
2021-03-27 20:00:00;12,140;23,960
2021-03-27 21:00:00;12,211;23,905
2021-03-27 22:00:00;11,641;23,088
2021-03-27 23:00:00;12,341;24,081
2021-03-28 00:00:00;13,541;26,329
2021-03-28 01:00:00;13,469;26,261
2021-03-28 02:00:00;12,571;24,892
2021-03-28 03:00:00;12,519;24,519
2021-03-28 04:00:00;12,421;24,602
2021-03-28 05:00:00;12,289;24,182
2021-03-28 06:00:00;12,265;24,120
2021-03-28 07:00:00;14,301;26,367
2021-03-28 08:00:00;20,964;33,379
2021-03-28 09:00:00;26,185;37,544
2021-03-28 10:00:00;31,641;41,053
2021-03-28 11:00:00;31,245;40,562
2021-03-28 12:00:00;31,693;40,953
2021-03-28 13:00:00;37,167;43,233
2021-03-28 14:00:00;34,797;41,913
2021-03-28 15:00:00;25,986;37,663
2021-03-28 16:00:00;19,743;34,146
2021-03-28 17:00:00;17,237;31,703
2021-03-28 18:00:00;14,668;28,494
2021-03-28 19:00:00;13,481;26,769
2021-03-28 20:00:00;13,037;26,351
2021-03-28 21:00:00;12,843;25,986
2021-03-28 22:00:00;12,132;24,736
2021-03-28 23:00:00;12,373;24,355
2021-03-29 00:00:00;12,772;25,024
2021-03-29 01:00:00;11,532;23,626
2021-03-29 02:00:00;11,326;23,144
2021-03-29 03:00:00;10,458;21,920
2021-03-29 04:00:00;11,875;24,332
2021-03-29 05:00:00;12,383;24,774
2021-03-29 06:00:00;13,405;25,883
2021-03-29 07:00:00;14,948;27,450
2021-03-29 08:00:00;22,564;34,825
2021-03-29 09:00:00;21,161;33,698
2021-03-29 10:00:00;28,835;39,167
2021-03-29 11:00:00;28,410;39,094
2021-03-29 12:00:00;30,475;39,981
2021-03-29 13:00:00;31,796;40,961
2021-03-29 14:00:00;32,146;41,833
2021-03-29 15:00:00;22,441;35,852
2021-03-29 16:00:00;19,985;33,646
2021-03-29 17:00:00;15,376;28,648
2021-03-29 18:00:00;15,102;28,613
2021-03-29 19:00:00;13,331;26,077
2021-03-29 20:00:00;12,980;25,923
2021-03-29 21:00:00;12,541;25,340
2021-03-29 22:00:00;13,178;26,284
2021-03-29 23:00:00;13,851;26,907
2021-03-30 00:00:00;13,635;26,650
2021-03-30 01:00:00;13,720;26,493
2021-03-30 02:00:00;12,229;24,178
2021-03-30 03:00:00;11,893;23,407
2021-03-30 04:00:00;12,251;23,850
2021-03-30 05:00:00;11,264;22,670
2021-03-30 06:00:00;11,592;23,031
2021-03-30 07:00:00;13,725;25,652
2021-03-30 08:00:00;19,278;31,734
2021-03-30 09:00:00;27,164;38,157
2021-03-30 10:00:00;21,222;33,945
2021-03-30 11:00:00;16,155;28,915
2021-03-30 12:00:00;26,611;37,707
2021-03-30 13:00:00;24,877;36,890
2021-03-30 14:00:00;24,053;36,422
2021-03-30 15:00:00;25,871;37,569
2021-03-30 16:00:00;19,930;33,606
2021-03-30 17:00:00;20,519;34,549
2021-03-30 18:00:00;17,239;31,478
2021-03-30 19:00:00;14,809;28,730
2021-03-30 20:00:00;14,196;27,720
2021-03-30 21:00:00;13,458;26,877
2021-03-30 22:00:00;13,993;27,175
2021-03-30 23:00:00;14,214;27,467
2021-03-31 00:00:00;14,416;27,581
2021-03-31 01:00:00;13,892;26,736
2021-03-31 02:00:00;14,133;26,982
2021-03-31 03:00:00;14,100;26,978
2021-03-31 04:00:00;13,318;25,699
2021-03-31 05:00:00;13,227;25,440
2021-03-31 06:00:00;12,442;24,337
2021-03-31 07:00:00;13,015;25,171
2021-03-31 08:00:00;18,984;31,143
2021-03-31 09:00:00;25,602;37,339
2021-03-31 10:00:00;31,459;40,459
2021-03-31 11:00:00;35,821;42,726
2021-03-31 12:00:00;32,517;41,545
2021-03-31 13:00:00;30,368;40,742
2021-03-31 14:00:00;27,550;39,331
2021-03-31 15:00:00;38,914;43,541
2021-03-31 16:00:00;24,370;37,751
2021-03-31 17:00:00;20,499;34,889
2021-03-31 18:00:00;17,525;31,924
2021-03-31 19:00:00;16,341;30,835
2021-03-31 20:00:00;15,524;29,651
2021-03-31 21:00:00;14,577;28,446
2021-03-31 22:00:00;13,711;27,067
2021-03-31 23:00:00;14,657;28,025
2021-04-01 00:00:00;13,460;26,151
2021-04-01 01:00:00;13,882;26,501
2021-04-01 02:00:00;14,279;27,305
2021-04-01 03:00:00;14,377;27,519
2021-04-01 04:00:00;13,681;26,536
2021-04-01 05:00:00;11,121;22,645
2021-04-01 06:00:00;11,266;22,876
2021-04-01 07:00:00;13,608;25,728
2021-04-01 08:00:00;19,074;31,995
2021-04-01 09:00:00;21,602;34,330
2021-04-01 10:00:00;32,543;40,408
2021-04-01 11:00:00;40,669;44,107
2021-04-01 12:00:00;39,815;44,314
2021-04-01 13:00:00;36,735;43,351
2021-04-01 14:00:00;32,339;42,022
2021-04-01 15:00:00;28,132;40,553
2021-04-01 16:00:00;20,723;35,073
2021-04-01 17:00:00;19,371;33,666
2021-04-01 18:00:00;17,208;31,680
2021-04-01 19:00:00;16,005;30,290
2021-04-01 20:00:00;15,437;29,484
2021-04-01 21:00:00;14,599;28,214
2021-04-01 22:00:00;14,565;27,952
2021-04-01 23:00:00;14,367;27,499
2021-04-02 00:00:00;14,642;28,049
2021-04-02 01:00:00;14,326;27,516
2021-04-02 02:00:00;14,409;27,468
2021-04-02 03:00:00;14,256;27,130
2021-04-02 04:00:00;14,356;27,296
2021-04-02 05:00:00;13,708;26,475
2021-04-02 06:00:00;14,275;27,181
2021-04-02 07:00:00;14,894;27,414
2021-04-02 08:00:00;18,761;31,495
2021-04-02 09:00:00;28,037;39,500
2021-04-02 10:00:00;30,954;40,582
2021-04-02 11:00:00;30,871;40,942
2021-04-02 12:00:00;33,395;41,947
2021-04-02 13:00:00;34,649;41,861
2021-04-02 14:00:00;29,986;40,289
2021-04-02 15:00:00;15,543;29,646
2021-04-02 16:00:00;15,738;29,824
2021-04-02 17:00:00;16,968;30,832
2021-04-02 18:00:00;15,829;29,501
2021-04-02 19:00:00;14,376;27,959
2021-04-02 20:00:00;14,399;27,834
2021-04-02 21:00:00;13,845;27,354
2021-04-02 22:00:00;14,461;27,734
2021-04-02 23:00:00;14,844;28,178
2021-04-03 00:00:00;14,710;27,986
2021-04-03 01:00:00;14,537;27,709
2021-04-03 02:00:00;14,264;27,110
2021-04-03 03:00:00;14,297;27,322
2021-04-03 04:00:00;14,320;27,365
2021-04-03 05:00:00;14,474;27,586
2021-04-03 06:00:00;14,095;27,027
2021-04-03 07:00:00;16,055;29,071
2021-04-03 08:00:00;24,696;36,420
2021-04-03 09:00:00;30,399;40,716
2021-04-03 10:00:00;27,836;39,303
2021-04-03 11:00:00;30,460;40,553
2021-04-03 12:00:00;43,148;44,457
2021-04-03 13:00:00;47,814;43,928
2021-04-03 14:00:00;34,310;42,125
2021-04-03 15:00:00;28,132;39,958
2021-04-03 16:00:00;22,938;36,498
2021-04-03 17:00:00;21,798;36,062
2021-04-03 18:00:00;17,673;32,499
2021-04-03 19:00:00;15,521;29,865
2021-04-03 20:00:00;14,444;28,420
2021-04-03 21:00:00;14,714;28,405
2021-04-03 22:00:00;15,000;28,775
2021-04-03 23:00:00;15,264;28,868
2021-04-04 00:00:00;14,224;27,678
2021-04-04 01:00:00;13,726;27,103
2021-04-04 02:00:00;13,950;26,440
2021-04-04 03:00:00;13,664;25,974
2021-04-04 04:00:00;13,510;25,742
2021-04-04 05:00:00;13,335;25,752
2021-04-04 06:00:00;13,651;26,320
2021-04-04 07:00:00;14,769;27,772
2021-04-04 08:00:00;17,789;31,042
2021-04-04 09:00:00;23,352;36,167
2021-04-04 10:00:00;22,206;35,156
2021-04-04 11:00:00;36,529;42,620
2021-04-04 12:00:00;48,714;44,911
2021-04-04 13:00:00;48,008;44,734
2021-04-04 14:00:00;39,730;43,262
2021-04-04 15:00:00;41,141;44,596
2021-04-04 16:00:00;28,200;40,271
2021-04-04 17:00:00;20,626;35,270
2021-04-04 18:00:00;19,335;33,803
2021-04-04 19:00:00;16,316;30,767
2021-04-04 20:00:00;15,821;30,228
2021-04-04 21:00:00;15,612;29,873
2021-04-04 22:00:00;14,922;28,732
2021-04-04 23:00:00;12,874;26,290
2021-04-05 00:00:00;13,328;26,719
2021-04-05 01:00:00;12,219;24,893
2021-04-05 02:00:00;12,682;25,250
2021-04-05 03:00:00;12,717;24,578
2021-04-05 04:00:00;12,774;24,915
2021-04-05 05:00:00;11,977;24,273
2021-04-05 06:00:00;11,785;23,745
2021-04-05 07:00:00;12,331;24,942
2021-04-05 08:00:00;15,884;29,017
2021-04-05 09:00:00;20,932;34,119
2021-04-05 10:00:00;29,337;40,003
2021-04-05 11:00:00;45,277;44,819
2021-04-05 12:00:00;47,941;44,860
2021-04-05 13:00:00;36,034;42,995
2021-04-05 14:00:00;32,486;42,345
2021-04-05 15:00:00;34,121;42,678
2021-04-05 16:00:00;25,923;38,977
2021-04-05 17:00:00;21,528;36,394
2021-04-05 18:00:00;17,770;32,979
2021-04-05 19:00:00;14,766;28,999
2021-04-05 20:00:00;14,228;28,135
2021-04-05 21:00:00;14,803;28,337
2021-04-05 22:00:00;14,967;28,431
2021-04-05 23:00:00;14,642;27,996
2021-04-06 00:00:00;14,573;27,902
2021-04-06 01:00:00;11,858;24,193
2021-04-06 02:00:00;13,340;25,860
2021-04-06 03:00:00;12,292;24,863
2021-04-06 04:00:00;12,193;24,453
2021-04-06 05:00:00;11,530;23,265
2021-04-06 06:00:00;11,694;23,446
2021-04-06 07:00:00;10,975;22,978
2021-04-06 08:00:00;11,885;23,567
2021-04-06 09:00:00;18,843;31,055
2021-04-06 10:00:00;29,981;40,057
2021-04-06 11:00:00;30,246;40,506
2021-04-06 12:00:00;26,445;38,453
2021-04-06 13:00:00;29,311;39,604
2021-04-06 14:00:00;23,198;35,999
2021-04-06 15:00:00;30,352;40,501
2021-04-06 16:00:00;25,419;37,886
2021-04-06 17:00:00;21,330;35,818
2021-04-06 18:00:00;15,341;30,232
2021-04-06 19:00:00;12,950;26,368
2021-04-06 20:00:00;12,372;24,705
2021-04-06 21:00:00;11,942;23,593
2021-04-06 22:00:00;11,556;22,779
2021-04-06 23:00:00;12,154;23,730
2021-04-07 00:00:00;10,808;21,913
2021-04-07 01:00:00;10,835;21,590
2021-04-07 02:00:00;11,188;21,867
2021-04-07 03:00:00;12,278;23,474
2021-04-07 04:00:00;12,088;23,855
2021-04-07 05:00:00;10,903;22,206
2021-04-07 06:00:00;10,812;21,350
2021-04-07 07:00:00;10,899;21,428
2021-04-07 08:00:00;12,028;23,020
2021-04-07 09:00:00;15,382;27,284
2021-04-07 10:00:00;28,752;38,646
2021-04-07 11:00:00;36,984;42,375
2021-04-07 12:00:00;35,175;42,532
2021-04-07 13:00:00;44,209;44,827
2021-04-07 14:00:00;42,679;44,455
2021-04-07 15:00:00;32,784;41,544
2021-04-07 16:00:00;26,138;38,428
2021-04-07 17:00:00;19,662;34,737
2021-04-07 18:00:00;16,737;31,598
2021-04-07 19:00:00;14,119;27,851
2021-04-07 20:00:00;12,956;25,729
2021-04-07 21:00:00;13,512;26,292
2021-04-07 22:00:00;12,492;24,796
2021-04-07 23:00:00;12,347;24,102
2021-04-08 00:00:00;12,128;24,069
2021-04-08 01:00:00;12,922;24,853
2021-04-08 02:00:00;11,223;22,405
2021-04-08 03:00:00;10,802;21,585
2021-04-08 04:00:00;11,009;21,825
2021-04-08 05:00:00;10,700;21,212
2021-04-08 06:00:00;10,015;20,193
2021-04-08 07:00:00;10,977;21,057
2021-04-08 08:00:00;19,042;29,751
2021-04-08 09:00:00;28,060;38,595
2021-04-08 10:00:00;31,124;39,755
2021-04-08 11:00:00;28,385;38,723
2021-04-08 12:00:00;26,832;38,591
2021-04-08 13:00:00;20,007;33,230
2021-04-08 14:00:00;27,310;38,460
2021-04-08 15:00:00;27,823;38,267
2021-04-08 16:00:00;27,347;39,036
2021-04-08 17:00:00;17,726;31,742
2021-04-08 18:00:00;17,630;31,894
2021-04-08 19:00:00;14,961;28,703
2021-04-08 20:00:00;14,420;27,930
2021-04-08 21:00:00;12,950;25,999
2021-04-08 22:00:00;12,921;25,607
2021-04-08 23:00:00;13,030;25,471
2021-04-09 00:00:00;12,174;24,612
2021-04-09 01:00:00;12,010;24,121
2021-04-09 02:00:00;11,830;23,883
2021-04-09 03:00:00;10,777;22,440
2021-04-09 04:00:00;11,339;22,954
2021-04-09 05:00:00;11,039;22,268
2021-04-09 06:00:00;11,861;23,613
2021-04-09 07:00:00;13,141;25,292
2021-04-09 08:00:00;15,709;28,203
2021-04-09 09:00:00;22,347;34,463
2021-04-09 10:00:00;27,426;38,518
2021-04-09 11:00:00;29,513;39,358
2021-04-09 12:00:00;41,204;43,838
2021-04-09 13:00:00;36,342;43,064
2021-04-09 14:00:00;34,617;42,640
2021-04-09 15:00:00;31,911;41,626
2021-04-09 16:00:00;26,667;38,610
2021-04-09 17:00:00;20,555;34,117
2021-04-09 18:00:00;15,967;30,022
2021-04-09 19:00:00;13,997;27,437
2021-04-09 20:00:00;12,721;25,065
2021-04-09 21:00:00;12,298;24,113
2021-04-09 22:00:00;11,217;22,523
2021-04-09 23:00:00;10,789;21,646
2021-04-10 00:00:00;9,904;19,710
2021-04-10 01:00:00;9,783;19,392
2021-04-10 02:00:00;10,310;20,076
2021-04-10 03:00:00;11,400;21,835
2021-04-10 04:00:00;10,912;21,093
2021-04-10 05:00:00;11,622;22,910
2021-04-10 06:00:00;10,214;20,472
2021-04-10 07:00:00;10,668;20,501
2021-04-10 08:00:00;20,947;31,538
2021-04-10 09:00:00;30,541;40,135
2021-04-10 10:00:00;26,551;38,653
2021-04-10 11:00:00;34,380;41,918
2021-04-10 12:00:00;29,077;38,917
2021-04-10 13:00:00;22,873;36,146
2021-04-10 14:00:00;22,477;35,984
2021-04-10 15:00:00;23,439;37,036
2021-04-10 16:00:00;22,747;36,458
2021-04-10 17:00:00;19,394;34,006
2021-04-10 18:00:00;17,688;32,768
2021-04-10 19:00:00;14,879;29,100
2021-04-10 20:00:00;13,157;26,303
2021-04-10 21:00:00;12,684;25,161
2021-04-10 22:00:00;12,419;25,019
2021-04-10 23:00:00;12,158;24,073
2021-04-11 00:00:00;12,632;24,480
2021-04-11 01:00:00;12,955;24,948
2021-04-11 02:00:00;12,436;24,283
2021-04-11 03:00:00;12,641;24,658
2021-04-11 04:00:00;12,124;23,674
2021-04-11 05:00:00;11,764;23,147
2021-04-11 06:00:00;11,131;21,986
2021-04-11 07:00:00;13,940;25,257
2021-04-11 08:00:00;20,446;32,489
2021-04-11 09:00:00;37,847;43,511
2021-04-11 10:00:00;43,070;44,436
2021-04-11 11:00:00;41,058;44,346
2021-04-11 12:00:00;39,914;44,055
2021-04-11 13:00:00;41,166;44,427
2021-04-11 14:00:00;36,797;43,384
2021-04-11 15:00:00;31,392;41,473
2021-04-11 16:00:00;26,152;39,251
2021-04-11 17:00:00;19,193;34,911
2021-04-11 18:00:00;17,125;32,573
2021-04-11 19:00:00;15,101;29,870
2021-04-11 20:00:00;14,333;28,571
2021-04-11 21:00:00;14,457;28,326
2021-04-11 22:00:00;13,906;27,747
2021-04-11 23:00:00;14,516;28,451
2021-04-12 00:00:00;15,360;29,364
2021-04-12 01:00:00;15,094;28,696
2021-04-12 02:00:00;14,603;27,906
2021-04-12 03:00:00;15,007;28,535
2021-04-12 04:00:00;13,556;27,037
2021-04-12 05:00:00;11,631;24,446
2021-04-12 06:00:00;11,551;23,240
2021-04-12 07:00:00;11,770;23,290
2021-04-12 08:00:00;13,319;25,070
2021-04-12 09:00:00;14,504;26,529
2021-04-12 10:00:00;13,276;25,605
2021-04-12 11:00:00;15,008;27,517
2021-04-12 12:00:00;18,712;31,342
2021-04-12 13:00:00;20,589;33,171
2021-04-12 14:00:00;22,482;34,699
2021-04-12 15:00:00;25,088;36,675
2021-04-12 16:00:00;19,894;32,764
2021-04-12 17:00:00;17,772;31,344
2021-04-12 18:00:00;14,954;28,721
2021-04-12 19:00:00;12,914;26,046
2021-04-12 20:00:00;11,385;22,801
2021-04-12 21:00:00;11,329;22,388
2021-04-12 22:00:00;10,863;22,030
2021-04-12 23:00:00;10,257;21,159
2021-04-13 00:00:00;10,058;21,283
2021-04-13 01:00:00;10,693;22,223
2021-04-13 02:00:00;10,422;21,584
2021-04-13 03:00:00;10,244;20,442
2021-04-13 04:00:00;11,843;23,287
2021-04-13 05:00:00;12,227;23,938
2021-04-13 06:00:00;12,116;23,856
2021-04-13 07:00:00;14,753;26,973
2021-04-13 08:00:00;20,377;32,696
2021-04-13 09:00:00;26,916;37,446
2021-04-13 10:00:00;37,956;42,839
2021-04-13 11:00:00;44,933;44,782
2021-04-13 12:00:00;50,808;44,907
2021-04-13 13:00:00;35,727;42,360
2021-04-13 14:00:00;32,913;41,624
2021-04-13 15:00:00;33,291;41,971
2021-04-13 16:00:00;33,174;42,291
2021-04-13 17:00:00;22,155;36,948
2021-04-13 18:00:00;16,650;31,422
2021-04-13 19:00:00;14,598;28,594
2021-04-13 20:00:00;13,763;27,269
2021-04-13 21:00:00;13,061;25,672
2021-04-13 22:00:00;12,700;25,178
2021-04-13 23:00:00;13,838;26,685
2021-04-14 00:00:00;14,278;27,297
2021-04-14 01:00:00;13,731;26,390
2021-04-14 02:00:00;13,619;26,045
2021-04-14 03:00:00;13,151;25,163
2021-04-14 04:00:00;12,471;24,358
2021-04-14 05:00:00;12,487;23,908
2021-04-14 06:00:00;12,906;24,548
2021-04-14 07:00:00;12,339;23,992
2021-04-14 08:00:00;16,073;28,343
2021-04-14 09:00:00;19,247;32,070
2021-04-14 10:00:00;20,100;32,792
2021-04-14 11:00:00;30,972;40,540
2021-04-14 12:00:00;31,852;41,170
2021-04-14 13:00:00;28,912;39,735
2021-04-14 14:00:00;26,738;37,829
2021-04-14 15:00:00;27,742;38,467
2021-04-14 16:00:00;20,923;33,964
2021-04-14 17:00:00;20,058;33,867
2021-04-14 18:00:00;17,592;31,848
2021-04-14 19:00:00;15,170;29,122
2021-04-14 20:00:00;13,705;26,828
2021-04-14 21:00:00;12,465;24,730
2021-04-14 22:00:00;11,992;23,890
2021-04-14 23:00:00;11,247;22,362
2021-04-15 00:00:00;10,989;22,250
2021-04-15 01:00:00;10,584;21,210
2021-04-15 02:00:00;10,269;20,476
2021-04-15 03:00:00;9,751;19,517
2021-04-15 04:00:00;9,530;18,820
2021-04-15 05:00:00;10,773;20,785
2021-04-15 06:00:00;11,875;22,842
2021-04-15 07:00:00;12,782;23,679
2021-04-15 08:00:00;20,338;31,996
2021-04-15 09:00:00;26,942;38,225
2021-04-15 10:00:00;36,112;42,645
2021-04-15 11:00:00;43,032;44,643
2021-04-15 12:00:00;42,175;44,433
2021-04-15 13:00:00;40,265;44,435
2021-04-15 14:00:00;37,153;43,474
2021-04-15 15:00:00;31,397;41,701
2021-04-15 16:00:00;27,807;39,953
2021-04-15 17:00:00;21,793;35,930
2021-04-15 18:00:00;17,994;32,769
2021-04-15 19:00:00;13,965;27,881
2021-04-15 20:00:00;13,111;26,231
2021-04-15 21:00:00;12,913;25,820
2021-04-15 22:00:00;11,980;23,827
2021-04-15 23:00:00;11,238;22,239
2021-04-16 00:00:00;10,572;21,138
2021-04-16 01:00:00;10,459;20,624
2021-04-16 02:00:00;11,068;21,262
2021-04-16 03:00:00;11,251;21,994
2021-04-16 04:00:00;11,314;22,264
2021-04-16 05:00:00;12,075;23,150
2021-04-16 06:00:00;11,833;22,594
2021-04-16 07:00:00;13,907;25,685
2021-04-16 08:00:00;26,694;36,425
2021-04-16 09:00:00;28,435;39,686
2021-04-16 10:00:00;28,157;39,538
2021-04-16 11:00:00;40,357;44,116
2021-04-16 12:00:00;34,567;43,011
2021-04-16 13:00:00;30,707;41,236
2021-04-16 14:00:00;35,258;42,235
2021-04-16 15:00:00;37,108;42,797
2021-04-16 16:00:00;26,522;38,654
2021-04-16 17:00:00;18,624;33,421
2021-04-16 18:00:00;18,826;33,581
2021-04-16 19:00:00;16,462;30,973
2021-04-16 20:00:00;15,317;29,392
2021-04-16 21:00:00;13,823;27,308
2021-04-16 22:00:00;12,631;25,446
2021-04-16 23:00:00;13,069;25,978
2021-04-17 00:00:00;13,467;25,991
2021-04-17 01:00:00;12,461;24,435
2021-04-17 02:00:00;11,470;22,964
2021-04-17 03:00:00;10,555;21,310
2021-04-17 04:00:00;9,513;19,886
2021-04-17 05:00:00;8,948;18,587
2021-04-17 06:00:00;9,259;19,356
2021-04-17 07:00:00;12,457;23,482
2021-04-17 08:00:00;17,072;28,907
2021-04-17 09:00:00;28,178;38,132
2021-04-17 10:00:00;41,705;44,172
2021-04-17 11:00:00;43,486;44,467
2021-04-17 12:00:00;37,122;43,307
2021-04-17 13:00:00;35,260;42,274
2021-04-17 14:00:00;30,480;41,045
2021-04-17 15:00:00;26,419;38,786
2021-04-17 16:00:00;23,266;36,740
2021-04-17 17:00:00;21,630;35,721
2021-04-17 18:00:00;18,369;33,296
2021-04-17 19:00:00;13,914;27,881
2021-04-17 20:00:00;13,658;27,150
2021-04-17 21:00:00;14,213;27,954
2021-04-17 22:00:00;12,717;25,494
2021-04-17 23:00:00;13,485;26,027
2021-04-18 00:00:00;13,658;26,898
2021-04-18 01:00:00;13,152;25,681
2021-04-18 02:00:00;12,056;23,523
2021-04-18 03:00:00;12,285;23,570
2021-04-18 04:00:00;12,863;24,814
2021-04-18 05:00:00;11,464;23,055
2021-04-18 06:00:00;11,339;22,255
2021-04-18 07:00:00;14,138;25,874
2021-04-18 08:00:00;20,374;32,979
2021-04-18 09:00:00;28,742;39,430
2021-04-18 10:00:00;28,943;39,228
2021-04-18 11:00:00;30,188;40,012
2021-04-18 12:00:00;29,484;40,095
2021-04-18 13:00:00;35,982;43,258
2021-04-18 14:00:00;34,433;42,372
2021-04-18 15:00:00;37,313;43,346
2021-04-18 16:00:00;29,917;41,027
2021-04-18 17:00:00;20,871;35,211
2021-04-18 18:00:00;17,841;32,508
2021-04-18 19:00:00;14,837;29,318
2021-04-18 20:00:00;14,118;28,207
2021-04-18 21:00:00;13,354;26,727
2021-04-18 22:00:00;12,956;25,978
2021-04-18 23:00:00;13,053;25,410
2021-04-19 00:00:00;13,010;26,118
2021-04-19 01:00:00;12,445;25,015
2021-04-19 02:00:00;12,262;24,649
2021-04-19 03:00:00;11,439;23,422
2021-04-19 04:00:00;10,636;21,798
2021-04-19 05:00:00;9,973;20,674
2021-04-19 06:00:00;8,960;18,240
2021-04-19 07:00:00;10,098;19,438
2021-04-19 08:00:00;19,013;28,984
2021-04-19 09:00:00;39,616;43,633
2021-04-19 10:00:00;44,053;44,453
2021-04-19 11:00:00;42,151;44,187
2021-04-19 12:00:00;44,793;44,522
2021-04-19 13:00:00;45,389;44,610
2021-04-19 14:00:00;40,843;44,260
2021-04-19 15:00:00;33,856;42,631
2021-04-19 16:00:00;26,496;39,543
2021-04-19 17:00:00;20,747;35,573
2021-04-19 18:00:00;17,412;32,235
2021-04-19 19:00:00;14,816;29,431
2021-04-19 20:00:00;13,410;26,457
2021-04-19 21:00:00;11,680;23,355
2021-04-19 22:00:00;10,820;21,825
2021-04-19 23:00:00;10,201;20,664
2021-04-20 00:00:00;9,710;19,672
2021-04-20 01:00:00;9,187;18,534
2021-04-20 02:00:00;8,883;18,010
2021-04-20 03:00:00;8,160;16,407
2021-04-20 04:00:00;7,310;14,478
2021-04-20 05:00:00;7,113;13,938
2021-04-20 06:00:00;6,926;13,278
2021-04-20 07:00:00;7,643;14,342
2021-04-20 08:00:00;17,402;26,675
2021-04-20 09:00:00;37,286;42,706
2021-04-20 10:00:00;44,006;44,571
2021-04-20 11:00:00;51,630;44,245
2021-04-20 12:00:00;53,010;43,869
2021-04-20 13:00:00;46,206;44,803
2021-04-20 14:00:00;43,731;44,510
2021-04-20 15:00:00;31,692;41,191
2021-04-20 16:00:00;22,577;37,610
2021-04-20 17:00:00;20,086;35,470
2021-04-20 18:00:00;12,670;25,423
2021-04-20 19:00:00;12,581;24,816
2021-04-20 20:00:00;12,867;25,242
2021-04-20 21:00:00;13,211;25,708
2021-04-20 22:00:00;13,101;25,529
2021-04-20 23:00:00;12,768;24,911
2021-04-21 00:00:00;12,654;24,720
2021-04-21 01:00:00;12,473;24,264
2021-04-21 02:00:00;12,155;23,423
2021-04-21 03:00:00;12,073;23,220
2021-04-21 04:00:00;12,100;23,221
2021-04-21 05:00:00;11,512;22,453
2021-04-21 06:00:00;11,402;21,947
2021-04-21 07:00:00;12,760;23,568
2021-04-21 08:00:00;18,755;30,856
2021-04-21 09:00:00;24,520;36,353
2021-04-21 10:00:00;31,647;41,048
2021-04-21 11:00:00;45,157;44,534
2021-04-21 12:00:00;43,400;44,353
2021-04-21 13:00:00;53,267;43,572
2021-04-21 14:00:00;40,864;43,460
2021-04-21 15:00:00;23,904;38,249
2021-04-21 16:00:00;21,008;35,203
2021-04-21 17:00:00;22,230;36,871
2021-04-21 18:00:00;16,911;31,865
2021-04-21 19:00:00;13,404;26,840
2021-04-21 20:00:00;12,822;25,233
2021-04-21 21:00:00;11,543;23,097
2021-04-21 22:00:00;10,970;22,016
2021-04-21 23:00:00;10,536;21,126
2021-04-22 00:00:00;10,128;20,290
2021-04-22 01:00:00;9,810;19,723
2021-04-22 02:00:00;9,751;19,467
2021-04-22 03:00:00;9,301;18,528
2021-04-22 04:00:00;9,460;18,720
2021-04-22 05:00:00;9,239;18,670
2021-04-22 06:00:00;8,615;17,345
2021-04-22 07:00:00;9,160;17,847
2021-04-22 08:00:00;19,222;28,979
2021-04-22 09:00:00;36,677;43,152
2021-04-22 10:00:00;47,833;44,846
2021-04-22 11:00:00;53,068;44,121
2021-04-22 12:00:00;55,194;43,112
2021-04-22 13:00:00;48,978;44,346
2021-04-22 14:00:00;43,106;43,251
2021-04-22 15:00:00;25,626;39,473
2021-04-22 16:00:00;16,803;31,931
2021-04-22 17:00:00;12,819;25,469
2021-04-22 18:00:00;14,078;26,980
2021-04-22 19:00:00;14,196;27,070
2021-04-22 20:00:00;12,456;24,538
2021-04-22 21:00:00;12,075;23,491
2021-04-22 22:00:00;11,849;23,253
2021-04-22 23:00:00;12,332;24,048
2021-04-23 00:00:00;12,419;24,655
2021-04-23 01:00:00;12,575;24,435
2021-04-23 02:00:00;12,163;24,660
2021-04-23 03:00:00;11,473;23,374
2021-04-23 04:00:00;12,477;24,555
2021-04-23 05:00:00;11,172;22,999
2021-04-23 06:00:00;11,015;21,930
2021-04-23 07:00:00;13,305;24,949
2021-04-23 08:00:00;20,236;32,659
2021-04-23 09:00:00;21,659;34,511
2021-04-23 10:00:00;24,469;36,392
2021-04-23 11:00:00;22,871;35,692
2021-04-23 12:00:00;25,674;37,518
2021-04-23 13:00:00;31,168;39,837
2021-04-23 14:00:00;37,017;42,870
2021-04-23 15:00:00;24,729;37,968
2021-04-23 16:00:00;23,335;37,063
2021-04-23 17:00:00;21,559;36,868
2021-04-23 18:00:00;20,996;35,702
2021-04-23 19:00:00;16,055;30,518
2021-04-23 20:00:00;16,193;30,257
2021-04-23 21:00:00;12,982;26,446
2021-04-23 22:00:00;13,330;26,183
2021-04-23 23:00:00;11,950;24,089
2021-04-24 00:00:00;12,575;24,848
2021-04-24 01:00:00;13,177;25,773
2021-04-24 02:00:00;11,420;23,057
2021-04-24 03:00:00;12,163;23,631
2021-04-24 04:00:00;10,861;21,677
2021-04-24 05:00:00;9,842;19,703
2021-04-24 06:00:00;9,194;18,430
2021-04-24 07:00:00;9,788;19,050
2021-04-24 08:00:00;20,697;31,335
2021-04-24 09:00:00;37,015;43,242
2021-04-24 10:00:00;41,983;44,370
2021-04-24 11:00:00;50,601;44,347
2021-04-24 12:00:00;36,657;42,883
2021-04-24 13:00:00;26,211;39,566
2021-04-24 14:00:00;31,251;42,093
2021-04-24 15:00:00;29,616;41,008
2021-04-24 16:00:00;20,441;35,200
2021-04-24 17:00:00;19,618;34,365
2021-04-24 18:00:00;19,239;34,020
2021-04-24 19:00:00;16,603;31,115
2021-04-24 20:00:00;15,913;29,986
2021-04-24 21:00:00;14,418;27,941
2021-04-24 22:00:00;13,130;25,522
2021-04-24 23:00:00;13,566;25,929
2021-04-25 00:00:00;14,430;27,535
2021-04-25 01:00:00;13,686;26,574
2021-04-25 02:00:00;12,486;24,764
2021-04-25 03:00:00;12,799;24,906
2021-04-25 04:00:00;12,869;24,863
2021-04-25 05:00:00;13,184;25,313
2021-04-25 06:00:00;12,890;24,732
2021-04-25 07:00:00;13,616;25,544
2021-04-25 08:00:00;20,529;32,458
2021-04-25 09:00:00;30,724;40,032
2021-04-25 10:00:00;33,488;41,874
2021-04-25 11:00:00;43,874;44,596
2021-04-25 12:00:00;31,990;41,359
2021-04-25 13:00:00;47,425;45,012
2021-04-25 14:00:00;35,438;43,000
2021-04-25 15:00:00;27,103;39,665
2021-04-25 16:00:00;19,833;34,624
2021-04-25 17:00:00;20,529;34,715
2021-04-25 18:00:00;17,726;32,389
2021-04-25 19:00:00;16,907;31,518
2021-04-25 20:00:00;16,184;30,457
2021-04-25 21:00:00;15,709;29,912
2021-04-25 22:00:00;15,099;28,841
2021-04-25 23:00:00;14,330;27,786
2021-04-26 00:00:00;12,809;25,862
2021-04-26 01:00:00;12,986;25,702
2021-04-26 02:00:00;12,995;25,611
2021-04-26 03:00:00;12,020;23,900
2021-04-26 04:00:00;11,865;23,483
2021-04-26 05:00:00;11,608;22,971
2021-04-26 06:00:00;11,453;22,836
2021-04-26 07:00:00;13,710;25,126
2021-04-26 08:00:00;18,408;30,969
2021-04-26 09:00:00;23,311;35,474
2021-04-26 10:00:00;31,625;41,470
2021-04-26 11:00:00;35,033;42,761
2021-04-26 12:00:00;32,707;42,051
2021-04-26 13:00:00;37,202;43,178
2021-04-26 14:00:00;26,979;39,139
2021-04-26 15:00:00;25,212;38,346
2021-04-26 16:00:00;26,636;39,848
2021-04-26 17:00:00;19,060;33,757
2021-04-26 18:00:00;18,235;33,165
2021-04-26 19:00:00;14,998;29,632
2021-04-26 20:00:00;13,830;27,337
2021-04-26 21:00:00;12,859;25,282
2021-04-26 22:00:00;12,489;24,642
2021-04-26 23:00:00;13,607;26,059
2021-04-27 00:00:00;14,073;26,845
2021-04-27 01:00:00;14,834;28,078
2021-04-27 02:00:00;13,983;27,049
2021-04-27 03:00:00;13,623;26,184
2021-04-27 04:00:00;12,347;24,376
2021-04-27 05:00:00;12,424;24,070
2021-04-27 06:00:00;12,646;24,500
2021-04-27 07:00:00;14,094;26,252
2021-04-27 08:00:00;16,114;29,070
2021-04-27 09:00:00;18,226;31,274
2021-04-27 10:00:00;26,736;38,108
2021-04-27 11:00:00;21,280;34,741
2021-04-27 12:00:00;19,249;32,654
2021-04-27 13:00:00;17,880;31,080
2021-04-27 14:00:00;28,630;39,257
2021-04-27 15:00:00;22,867;35,547
2021-04-27 16:00:00;21,018;33,653
2021-04-27 17:00:00;18,350;31,650
2021-04-27 18:00:00;16,442;30,324
2021-04-27 19:00:00;14,738;27,992
2021-04-27 20:00:00;14,073;26,861
2021-04-27 21:00:00;14,331;27,127
2021-04-27 22:00:00;14,288;27,132
2021-04-27 23:00:00;13,841;26,325
2021-04-28 00:00:00;12,440;24,812
2021-04-28 01:00:00;12,925;24,944
2021-04-28 02:00:00;13,330;25,255
2021-04-28 03:00:00;13,392;25,426
2021-04-28 04:00:00;13,447;25,758
2021-04-28 05:00:00;12,364;23,886
2021-04-28 06:00:00;11,293;21,832
2021-04-28 07:00:00;13,308;24,269
2021-04-28 08:00:00;16,561;29,108
2021-04-28 09:00:00;;
2021-04-28 10:00:00;;
2021-04-28 11:00:00;;
2021-04-28 12:00:00;;
2021-04-28 13:00:00;;
2021-04-28 14:00:00;;
2021-04-28 15:00:00;;
2021-04-28 16:00:00;;
2021-04-28 17:00:00;;
2021-04-28 18:00:00;;
2021-04-28 19:00:00;;
2021-04-28 20:00:00;;
2021-04-28 21:00:00;;
2021-04-28 22:00:00;;
2021-04-28 23:00:00;;
